-- phpMyAdmin SQL Dump
-- version 4.8.0.1
-- https://www.phpmyadmin.net/
--
-- Host: 127.0.0.1
-- Generation Time: Mar 05, 2019 at 09:41 PM
-- Server version: 10.1.32-MariaDB
-- PHP Version: 7.0.30

SET SQL_MODE = "NO_AUTO_VALUE_ON_ZERO";
SET AUTOCOMMIT = 0;
START TRANSACTION;
SET time_zone = "+00:00";


/*!40101 SET @OLD_CHARACTER_SET_CLIENT=@@CHARACTER_SET_CLIENT */;
/*!40101 SET @OLD_CHARACTER_SET_RESULTS=@@CHARACTER_SET_RESULTS */;
/*!40101 SET @OLD_COLLATION_CONNECTION=@@COLLATION_CONNECTION */;
/*!40101 SET NAMES utf8mb4 */;

--
-- Database: `coffeepal`
--

-- --------------------------------------------------------

--
-- Table structure for table `categories`
--

CREATE TABLE `cp_categories` (
  `id` int(10) UNSIGNED NOT NULL,
  `name` varchar(30) NOT NULL
) ENGINE=InnoDB DEFAULT CHARSET=latin1;

--
-- Dumping data for table `categories`
--

INSERT INTO `cp_categories` (`id`, `name`) VALUES
(1, 'Hot Drinks'),
(2, 'Cold Drinks'),
(3, 'Snacks'),
(4, 'Food');

-- --------------------------------------------------------

--
-- Table structure for table `employees`
--

CREATE TABLE `cp_employees` (
  `id` int(10) UNSIGNED NOT NULL,
  `first_name` varchar(30) NOT NULL,
  `last_name` varchar(30) NOT NULL,
  `password` char(60) DEFAULT NULL,
  `manager_id` int(11) NOT NULL,
  `role_id` int(10) UNSIGNED DEFAULT NULL
) ENGINE=InnoDB DEFAULT CHARSET=latin1;

--
-- Dumping data for table `employees`
--

INSERT INTO `cp_employees` (`id`, `first_name`, `last_name`, `password`, `manager_id`, `role_id`) VALUES
(1, 'David', 'Abercrombie', '$2y$10$LilTLIzmLKoS6Wz1XdcI9ezySBGalPCJ3paPc0aeDkNqUBWBbBhUu', 0, 2),
(2, 'Alex', 'Butterworth', '$2y$10$LilTLIzmLKoS6Wz1XdcI9ezySBGalPCJ3paPc0aeDkNqUBWBbBhUu', 1, 1),
(3, 'Elena', 'Fisher', '$2y$10$LilTLIzmLKoS6Wz1XdcI9ezySBGalPCJ3paPc0aeDkNqUBWBbBhUu', 1, 1),
(4, 'Jack', 'Smith', '$2y$10$LilTLIzmLKoS6Wz1XdcI9ezySBGalPCJ3paPc0aeDkNqUBWBbBhUu', 1, 1);

-- --------------------------------------------------------

--
-- Table structure for table `orders`
--

CREATE TABLE `cp_orders` (
  `id` int(10) UNSIGNED NOT NULL,
  `date_time` datetime NOT NULL,
  `status` varchar(10) NOT NULL
) ENGINE=InnoDB DEFAULT CHARSET=latin1;

--
-- Dumping data for table `orders`
--

INSERT INTO `cp_orders` (`id`, `date_time`, `status`) VALUES
(110, '2019-01-22 23:57:43', 'Complete'),
(111, '2019-01-27 18:39:41', 'Complete'),
(112, '2019-01-27 20:43:42', 'Processing'),
(113, '2019-01-27 20:43:48', 'Processing'),
(114, '2019-01-27 20:46:27', 'Complete'),
(115, '2019-01-27 21:34:57', 'Processing'),
(125, '2019-01-27 21:56:26', 'Processing'),
(126, '2019-01-27 21:57:55', 'Processing'),
(127, '2019-01-27 21:58:42', 'Processing'),
(128, '2019-01-27 21:59:39', 'Processing'),
(129, '2019-01-27 22:01:22', 'Processing'),
(130, '2019-01-27 22:01:50', 'Processing'),
(131, '2019-01-27 22:15:23', 'Complete'),
(132, '2019-01-27 22:38:21', 'Complete'),
(133, '2019-01-28 00:14:45', 'Complete'),
(134, '2019-01-28 00:16:34', 'Complete'),
(154, '2019-01-28 13:55:47', 'Complete'),
(155, '2019-01-28 13:56:55', 'Complete'),
(156, '2019-01-28 14:03:33', 'Complete'),
(162, '2019-01-28 14:23:02', 'Complete'),
(163, '2019-01-28 14:41:25', 'Complete'),
(164, '2019-01-28 16:09:52', 'Complete'),
(165, '2019-01-28 16:10:44', 'Complete'),
(168, '2019-01-31 17:17:54', 'Complete'),
(171, '2019-01-31 18:08:31', 'Complete'),
(172, '2019-01-31 19:12:52', 'Complete'),
(173, '2019-01-31 19:18:57', 'Complete'),
(181, '2019-01-31 23:03:57', 'Complete'),
(182, '2019-01-31 23:11:18', 'Complete'),
(183, '2019-01-31 23:15:59', 'Complete'),
(184, '2019-01-31 23:36:56', 'Complete'),
(185, '2019-01-31 23:45:55', 'Complete'),
(186, '2019-01-31 23:47:56', 'Complete'),
(188, '2019-02-01 00:01:32', 'Processing'),
(189, '2019-02-01 00:01:40', 'Processing'),
(190, '2019-02-01 00:02:57', 'Processing'),
(194, '2019-02-03 22:26:19', 'Complete'),
(195, '2019-02-04 16:12:14', 'Complete'),
(196, '2019-02-04 16:12:35', 'Complete'),
(197, '2019-02-04 16:13:22', 'Complete'),
(200, '2019-02-04 16:25:29', 'Complete'),
(201, '2019-02-04 16:43:35', 'Complete'),
(202, '2019-02-04 16:44:32', 'Complete'),
(203, '2019-02-04 16:45:09', 'Complete'),
(210, '2019-02-11 13:34:47', 'Complete'),
(211, '2019-02-11 16:07:34', 'Complete'),
(212, '2019-02-11 16:07:39', 'Complete'),
(213, '2019-02-11 16:20:47', 'Complete'),
(214, '2019-02-11 16:22:56', 'Complete'),
(215, '2019-02-11 16:46:06', 'Complete'),
(216, '2019-02-11 16:52:51', 'Complete'),
(223, '2019-02-14 21:58:40', 'Complete'),
(224, '2019-02-14 22:00:40', 'Complete'),
(225, '2019-02-14 22:31:38', 'Complete'),
(226, '2019-02-14 22:31:39', 'Complete'),
(227, '2019-02-14 22:31:40', 'Complete'),
(228, '2019-02-15 21:28:10', 'Complete'),
(229, '2019-02-15 21:28:13', 'Complete'),
(230, '2019-02-15 21:28:14', 'Complete'),
(231, '2019-02-15 21:28:16', 'Complete'),
(235, '2019-02-25 16:55:03', 'Complete'),
(236, '2019-02-25 13:37:33', 'Complete'),
(237, '2019-02-25 17:00:24', 'Complete'),
(238, '2019-02-25 17:00:23', 'Complete'),
(239, '2019-02-25 17:20:35', 'Complete'),
(240, '2019-02-25 17:20:36', 'Complete'),
(241, '2019-02-25 17:20:37', 'Complete'),
(242, '2019-02-25 17:20:38', 'Complete'),
(243, '2019-02-25 17:20:38', 'Complete'),
(244, '2019-02-25 17:20:39', 'Complete'),
(245, '2019-02-27 01:02:57', 'Complete'),
(246, '2019-02-27 01:02:59', 'Complete'),
(247, '2019-02-27 12:38:09', 'Complete'),
(248, '2019-02-27 12:38:09', 'Complete'),
(250, '2019-02-27 12:38:03', 'Complete'),
(251, '2019-02-27 12:47:36', 'Complete'),
(258, '2019-02-27 13:43:22', 'Complete'),
(259, '2019-02-27 13:30:44', 'Complete'),
(260, '2019-02-27 13:30:45', 'Complete'),
(261, '2019-02-27 13:30:46', 'Complete'),
(262, '2019-02-27 13:43:23', 'Complete'),
(263, '2019-02-27 13:44:20', 'Complete'),
(265, '2019-02-27 14:29:29', 'Complete'),
(266, '2019-02-27 14:29:28', 'Complete'),
(267, '2019-02-27 15:03:38', 'Complete'),
(268, '2019-02-27 15:03:38', 'Complete'),
(269, '2019-03-04 16:15:07', 'Complete'),
(270, '2019-03-04 17:07:14', 'Complete'),
(271, '2019-03-04 17:07:14', 'Complete'),
(272, '2019-03-04 17:32:03', 'Complete'),
(273, '2019-03-04 17:32:05', 'Complete'),
(274, '2019-03-05 14:37:17', 'Complete'),
(275, '2019-03-05 14:37:19', 'Complete'),
(276, '2019-03-05 14:37:20', 'Complete'),
(277, '2019-03-05 14:37:20', 'Complete'),
(278, '2019-03-05 14:37:21', 'Complete'),
(280, '2019-03-05 18:09:16', 'Complete'),
(281, '2019-03-05 18:09:38', 'Complete'),
(282, '2019-03-05 18:09:39', 'Complete'),
(283, '2019-03-05 18:10:14', 'Complete'),
(284, '2019-03-05 18:51:21', 'Complete'),
(285, '2019-03-04 18:51:20', 'Complete'),
(286, '2019-03-05 20:36:49', 'Complete'),
(287, '2019-03-05 20:40:29', 'Processing');

-- --------------------------------------------------------

--
-- Table structure for table `order_items`
--

CREATE TABLE `cp_order_items` (
  `id` int(10) NOT NULL,
  `order_id` int(10) UNSIGNED NOT NULL,
  `product_id` int(10) UNSIGNED NOT NULL,
  `opt_1` varchar(50) DEFAULT NULL,
  `opt_2` varchar(50) DEFAULT NULL,
  `opt_3` varchar(50) DEFAULT NULL,
  `opt_4` varchar(50) DEFAULT NULL,
  `opt_5` varchar(50) DEFAULT NULL,
  `opt_6` varchar(50) DEFAULT NULL,
  `opt_7` varchar(50) DEFAULT NULL,
  `opt_8` varchar(50) DEFAULT NULL,
  `opt_9` varchar(50) DEFAULT NULL,
  `opt_10` varchar(50) DEFAULT NULL,
  `price` decimal(4,2) UNSIGNED NOT NULL
) ENGINE=InnoDB DEFAULT CHARSET=latin1;

--
-- Dumping data for table `order_items`
--

INSERT INTO `cp_order_items` (`id`, `order_id`, `product_id`, `opt_1`, `opt_2`, `opt_3`, `opt_4`, `opt_5`, `opt_6`, `opt_7`, `opt_8`, `opt_9`, `opt_10`, `price`) VALUES
(38, 110, 1, 'Large', NULL, NULL, NULL, NULL, NULL, NULL, NULL, NULL, NULL, '1.90'),
(56, 110, 2, 'Large', 'Light Splash of Cream', NULL, NULL, NULL, NULL, NULL, NULL, NULL, NULL, '2.50'),
(67, 110, 10, 'Medium', NULL, NULL, NULL, NULL, NULL, NULL, NULL, NULL, NULL, '1.90'),
(68, 111, 11, NULL, NULL, NULL, NULL, NULL, NULL, NULL, NULL, NULL, NULL, '1.80'),
(99, 111, 10, NULL, NULL, NULL, NULL, NULL, NULL, NULL, NULL, NULL, NULL, '1.70'),
(103, 114, 10, 'Medium', NULL, NULL, NULL, NULL, NULL, NULL, NULL, NULL, NULL, '1.90'),
(104, 114, 11, NULL, 'Light Splash of Cream', NULL, NULL, NULL, NULL, NULL, NULL, NULL, NULL, '2.00'),
(105, 126, 11, NULL, NULL, NULL, NULL, NULL, NULL, NULL, NULL, NULL, NULL, '1.80'),
(106, 126, 11, NULL, NULL, NULL, NULL, NULL, NULL, NULL, NULL, NULL, NULL, '1.80'),
(107, 127, 12, NULL, NULL, NULL, NULL, NULL, NULL, NULL, NULL, NULL, NULL, '1.80'),
(108, 128, 11, 'Large', NULL, NULL, NULL, NULL, NULL, NULL, NULL, NULL, NULL, '2.20'),
(109, 130, 11, 'Large', NULL, NULL, NULL, NULL, NULL, NULL, NULL, NULL, NULL, '2.20'),
(110, 130, 15, 'Medium', NULL, NULL, NULL, NULL, NULL, NULL, NULL, NULL, NULL, '2.00'),
(111, 131, 11, NULL, NULL, NULL, NULL, NULL, NULL, NULL, NULL, NULL, NULL, '1.80'),
(119, 132, 2, 'Medium', 'Light Splash of Cream', NULL, NULL, NULL, NULL, NULL, NULL, NULL, NULL, '2.30'),
(120, 133, 11, 'Large', NULL, NULL, NULL, NULL, NULL, NULL, NULL, NULL, NULL, '2.20'),
(122, 134, 28, NULL, NULL, NULL, NULL, NULL, NULL, NULL, NULL, NULL, NULL, '1.50'),
(124, 134, 21, NULL, NULL, NULL, NULL, NULL, NULL, NULL, NULL, NULL, NULL, '0.65'),
(128, 154, 10, 'Small', 'Splash of Cream', NULL, NULL, NULL, NULL, NULL, NULL, NULL, NULL, '1.70'),
(129, 155, 1, 'Medium', 'Light Splash of Cream', NULL, NULL, NULL, NULL, NULL, NULL, NULL, NULL, '1.70'),
(130, 155, 11, 'Small', NULL, NULL, NULL, NULL, NULL, NULL, NULL, NULL, NULL, '1.80'),
(131, 155, 24, NULL, NULL, NULL, NULL, NULL, NULL, NULL, NULL, NULL, NULL, '2.00'),
(132, 155, 27, NULL, NULL, NULL, NULL, NULL, NULL, NULL, NULL, NULL, NULL, '1.50'),
(134, 156, 12, NULL, NULL, NULL, NULL, NULL, NULL, NULL, NULL, NULL, NULL, '1.80'),
(135, 162, 14, NULL, NULL, '2 Tea Bag', NULL, NULL, NULL, NULL, NULL, NULL, NULL, '1.90'),
(138, 163, 11, 'Medium', NULL, 'Extra Splash of Milk', '1 Tea Bag', NULL, NULL, NULL, NULL, NULL, NULL, '2.00'),
(139, 164, 1, 'Medium', 'Light Splash of Cream', NULL, NULL, NULL, NULL, NULL, NULL, NULL, NULL, '1.70'),
(141, 165, 30, NULL, NULL, NULL, NULL, NULL, NULL, NULL, NULL, NULL, NULL, '0.80'),
(142, 165, 11, 'Medium', NULL, 'Light Splash of Milk', '2 Tea Bags', NULL, NULL, NULL, NULL, NULL, NULL, '2.10'),
(143, 168, 11, 'Medium', NULL, 'Light Splash of Milk', NULL, NULL, NULL, NULL, NULL, NULL, NULL, '2.00'),
(145, 171, 17, NULL, NULL, NULL, NULL, NULL, NULL, NULL, NULL, NULL, NULL, '0.80'),
(148, 172, 11, NULL, NULL, NULL, NULL, NULL, NULL, NULL, NULL, NULL, NULL, '1.80'),
(149, 172, 4, NULL, NULL, NULL, NULL, NULL, NULL, NULL, NULL, NULL, NULL, '2.20'),
(162, 173, 4, NULL, NULL, NULL, NULL, NULL, NULL, NULL, NULL, NULL, NULL, '2.20'),
(165, 181, 12, NULL, NULL, NULL, NULL, NULL, NULL, NULL, NULL, NULL, NULL, '1.80'),
(167, 183, 2, 'Medium', NULL, NULL, NULL, NULL, NULL, NULL, NULL, NULL, NULL, '2.30'),
(168, 184, 10, NULL, NULL, NULL, NULL, NULL, NULL, NULL, NULL, NULL, NULL, '1.70'),
(169, 184, 4, 'Medium', NULL, NULL, NULL, NULL, NULL, NULL, NULL, NULL, NULL, '2.40'),
(170, 184, 20, NULL, NULL, NULL, NULL, NULL, NULL, NULL, NULL, NULL, NULL, '0.80'),
(171, 185, 12, 'Medium', NULL, NULL, NULL, NULL, NULL, NULL, NULL, NULL, NULL, '2.00'),
(172, 190, 12, NULL, NULL, NULL, NULL, NULL, NULL, NULL, NULL, NULL, NULL, '1.80'),
(174, 194, 11, 'Large', NULL, 'Light Splash of Milk', NULL, NULL, NULL, NULL, NULL, NULL, NULL, '2.20'),
(175, 195, 1, 'Large', 'Light Splash of Cream', NULL, NULL, NULL, NULL, NULL, NULL, NULL, NULL, '1.90'),
(176, 195, 1, 'Small', NULL, NULL, NULL, NULL, NULL, NULL, NULL, NULL, NULL, '1.50'),
(177, 196, 11, 'Medium', NULL, 'Light Splash of Milk', NULL, NULL, NULL, NULL, NULL, NULL, NULL, '2.00'),
(178, 196, 16, NULL, NULL, NULL, NULL, NULL, NULL, NULL, NULL, NULL, NULL, '0.80'),
(179, 196, 30, NULL, NULL, NULL, NULL, NULL, NULL, NULL, NULL, NULL, NULL, '0.80'),
(180, 197, 25, NULL, NULL, NULL, NULL, NULL, NULL, NULL, NULL, NULL, NULL, '2.00'),
(182, 197, 1, 'Medium', NULL, NULL, NULL, NULL, NULL, NULL, NULL, NULL, NULL, '1.70'),
(184, 200, 11, NULL, NULL, NULL, NULL, NULL, NULL, NULL, NULL, NULL, NULL, '1.80'),
(185, 200, 2, NULL, 'Light Splash of Cream', NULL, NULL, NULL, NULL, NULL, NULL, NULL, NULL, '2.10'),
(186, 201, 1, 'Small', 'Light Splash of Cream', 'Splash of Milk', NULL, NULL, NULL, NULL, NULL, NULL, NULL, '1.50'),
(187, 201, 11, 'Medium', NULL, NULL, '2 Tea Bags', NULL, NULL, NULL, NULL, NULL, NULL, '2.10'),
(188, 202, 15, NULL, NULL, NULL, NULL, NULL, NULL, NULL, NULL, NULL, NULL, '1.80'),
(190, 210, 12, NULL, NULL, NULL, NULL, NULL, NULL, NULL, NULL, NULL, NULL, '1.80'),
(191, 212, 1, 'Medium', NULL, NULL, NULL, NULL, NULL, NULL, NULL, NULL, NULL, '1.70'),
(192, 213, 10, NULL, NULL, NULL, NULL, NULL, NULL, NULL, NULL, NULL, NULL, '1.70'),
(193, 214, 2, NULL, NULL, NULL, NULL, NULL, NULL, NULL, NULL, NULL, NULL, '2.10'),
(194, 215, 12, NULL, NULL, NULL, NULL, NULL, NULL, NULL, NULL, NULL, NULL, '1.80'),
(195, 216, 4, NULL, NULL, NULL, NULL, NULL, NULL, NULL, NULL, NULL, NULL, '2.20'),
(199, 223, 12, 'Medium', NULL, NULL, NULL, NULL, NULL, NULL, NULL, NULL, NULL, '2.00'),
(200, 223, 15, NULL, NULL, NULL, NULL, NULL, NULL, NULL, NULL, NULL, NULL, '1.80'),
(201, 223, 25, NULL, NULL, NULL, NULL, NULL, NULL, NULL, NULL, NULL, NULL, '2.00'),
(202, 224, 12, 'Medium', NULL, NULL, NULL, NULL, NULL, NULL, NULL, NULL, NULL, '2.00'),
(203, 224, 1, 'Medium', 'Light Splash of Cream', 'Extra Splash of Milk', NULL, NULL, NULL, NULL, NULL, NULL, NULL, '1.70'),
(204, 225, 12, NULL, NULL, NULL, NULL, NULL, NULL, NULL, NULL, NULL, NULL, '1.80'),
(205, 226, 10, NULL, NULL, NULL, NULL, NULL, NULL, NULL, NULL, NULL, NULL, '1.70'),
(206, 227, 8, NULL, NULL, NULL, NULL, NULL, NULL, NULL, NULL, NULL, NULL, '1.85'),
(207, 227, 21, NULL, NULL, NULL, NULL, NULL, NULL, NULL, NULL, NULL, NULL, '0.65'),
(208, 228, 11, NULL, NULL, NULL, NULL, NULL, NULL, NULL, NULL, NULL, NULL, '1.80'),
(209, 229, 12, NULL, NULL, NULL, NULL, NULL, NULL, NULL, NULL, NULL, NULL, '1.80'),
(211, 230, 12, NULL, NULL, NULL, NULL, NULL, NULL, NULL, NULL, NULL, NULL, '1.80'),
(212, 231, 12, NULL, NULL, NULL, NULL, NULL, NULL, NULL, NULL, NULL, NULL, '1.80'),
(230, 235, 2, 'Medium', NULL, NULL, NULL, NULL, NULL, NULL, NULL, NULL, NULL, '2.30'),
(231, 236, 12, 'Medium', NULL, NULL, NULL, NULL, NULL, NULL, NULL, NULL, NULL, '2.00'),
(232, 237, 1, 'Small', NULL, NULL, NULL, NULL, NULL, NULL, NULL, NULL, NULL, '1.50'),
(233, 238, 12, 'Medium', NULL, NULL, NULL, NULL, NULL, NULL, NULL, NULL, NULL, '2.00'),
(234, 239, 1, 'Medium', NULL, NULL, NULL, NULL, NULL, NULL, NULL, NULL, NULL, '1.70'),
(235, 239, 11, 'Medium', NULL, NULL, '2 Tea Bags', NULL, NULL, NULL, NULL, NULL, NULL, '2.10'),
(236, 239, 12, 'Medium', NULL, NULL, NULL, NULL, NULL, NULL, NULL, NULL, NULL, '2.10'),
(237, 239, 3, 'Medium', NULL, NULL, NULL, NULL, NULL, NULL, NULL, NULL, NULL, '2.40'),
(238, 240, 18, NULL, NULL, NULL, NULL, NULL, NULL, NULL, NULL, NULL, NULL, '0.80'),
(239, 240, 25, NULL, NULL, NULL, NULL, NULL, NULL, NULL, NULL, NULL, NULL, '2.00'),
(240, 241, 11, 'Medium', NULL, NULL, NULL, NULL, NULL, NULL, NULL, NULL, NULL, '2.10'),
(241, 241, 1, 'Medium', 'Extra Splash of Cream', 'Extra Splash of Milk', NULL, NULL, NULL, NULL, NULL, NULL, NULL, '1.80'),
(242, 242, 8, NULL, NULL, NULL, NULL, NULL, NULL, NULL, NULL, NULL, NULL, '1.85'),
(243, 243, 17, NULL, NULL, NULL, NULL, NULL, NULL, NULL, NULL, NULL, NULL, '0.80'),
(244, 243, 30, NULL, NULL, NULL, NULL, NULL, NULL, NULL, NULL, NULL, NULL, '0.80'),
(245, 243, 29, NULL, NULL, NULL, NULL, NULL, NULL, NULL, NULL, NULL, NULL, '0.80'),
(246, 244, 1, 'Medium', NULL, NULL, NULL, NULL, NULL, NULL, NULL, NULL, NULL, '1.80'),
(247, 245, 12, 'Medium', NULL, NULL, NULL, NULL, NULL, NULL, NULL, NULL, NULL, '2.00'),
(248, 246, 1, 'Medium', 'Light Splash of Cream', 'Whipped Cream', NULL, NULL, NULL, NULL, NULL, NULL, NULL, '1.70'),
(249, 246, 28, NULL, NULL, NULL, NULL, NULL, NULL, NULL, NULL, NULL, NULL, '1.50'),
(250, 246, 1, 'Large', NULL, NULL, NULL, NULL, NULL, NULL, NULL, NULL, NULL, '1.90'),
(251, 247, 1, 'Small', NULL, NULL, NULL, NULL, NULL, NULL, NULL, NULL, NULL, '1.50'),
(252, 248, 12, 'Medium', NULL, NULL, '2 Tea Bags', NULL, NULL, NULL, NULL, NULL, NULL, '2.10'),
(253, 248, 11, 'Medium', NULL, NULL, NULL, NULL, NULL, NULL, NULL, NULL, NULL, '2.10'),
(254, 248, 16, NULL, NULL, NULL, NULL, NULL, NULL, NULL, NULL, NULL, NULL, '0.80'),
(255, 250, 1, 'Medium', NULL, NULL, NULL, NULL, NULL, NULL, NULL, NULL, NULL, '1.70'),
(256, 250, 1, 'Small', 'Light Splash of Cream', 'Light Splash of Milk', NULL, NULL, NULL, NULL, NULL, NULL, NULL, '1.50'),
(257, 251, 11, 'Small', NULL, NULL, NULL, NULL, NULL, NULL, NULL, NULL, NULL, '1.80'),
(258, 251, 11, 'Medium', NULL, 'Extra Splash of Milk', NULL, NULL, NULL, NULL, NULL, NULL, NULL, '2.00'),
(264, 258, 11, 'Small', NULL, NULL, NULL, NULL, NULL, NULL, NULL, NULL, NULL, '1.80'),
(267, 259, 3, 'Small', NULL, NULL, 'Extra Ice', NULL, NULL, NULL, NULL, NULL, NULL, '2.10'),
(270, 260, 3, 'Medium', NULL, NULL, 'No Ice', NULL, NULL, NULL, NULL, NULL, NULL, '2.30'),
(271, 260, 3, 'Medium', NULL, NULL, NULL, NULL, NULL, NULL, NULL, NULL, NULL, '2.30'),
(272, 261, 5, 'Small', NULL, NULL, NULL, 'Extra Ice', NULL, NULL, NULL, NULL, NULL, '2.20'),
(273, 262, 11, 'Small', NULL, NULL, NULL, NULL, NULL, NULL, NULL, NULL, NULL, '1.80'),
(274, 263, 30, NULL, NULL, NULL, NULL, NULL, NULL, NULL, NULL, NULL, NULL, '0.80'),
(276, 265, 10, NULL, NULL, NULL, NULL, NULL, NULL, NULL, NULL, NULL, NULL, '1.70'),
(277, 266, 11, 'Small', NULL, NULL, NULL, NULL, NULL, NULL, NULL, NULL, NULL, '1.80'),
(278, 267, 11, 'Medium', NULL, NULL, NULL, NULL, NULL, NULL, NULL, NULL, NULL, '2.00'),
(279, 268, 12, 'Medium', NULL, NULL, NULL, NULL, NULL, NULL, NULL, NULL, NULL, '2.00'),
(280, 269, 1, 'Large', 'Extra Splash of Cream', NULL, NULL, NULL, NULL, NULL, NULL, NULL, NULL, '1.90'),
(281, 270, 1, 'Medium', NULL, NULL, NULL, NULL, NULL, NULL, NULL, NULL, NULL, '1.70'),
(282, 271, 14, 'Medium', NULL, 'Extra Splash of Milk', NULL, NULL, NULL, NULL, NULL, NULL, NULL, '2.00'),
(284, 272, 1, 'Medium', 'Light Splash of Cream', 'Whipped Cream', NULL, NULL, NULL, NULL, NULL, NULL, NULL, '1.70'),
(285, 272, 2, 'Small', NULL, 'Light Splash of Milk', NULL, NULL, NULL, NULL, NULL, NULL, NULL, '2.10'),
(286, 273, 11, 'Medium', NULL, NULL, NULL, NULL, NULL, NULL, NULL, NULL, NULL, '2.00'),
(287, 274, 1, 'Medium', NULL, NULL, NULL, NULL, NULL, NULL, NULL, NULL, NULL, '1.70'),
(288, 275, 1, 'Medium', NULL, NULL, NULL, NULL, NULL, NULL, NULL, NULL, NULL, '1.70'),
(289, 275, 11, 'Medium', NULL, 'Light Splash of Milk', NULL, NULL, NULL, NULL, NULL, NULL, NULL, '2.00'),
(290, 276, 11, 'Medium', NULL, NULL, NULL, NULL, NULL, NULL, NULL, NULL, NULL, '2.00'),
(291, 277, 1, 'Medium', NULL, NULL, NULL, NULL, NULL, NULL, NULL, NULL, NULL, '1.70'),
(293, 277, 1, 'Medium', NULL, NULL, NULL, NULL, NULL, NULL, NULL, NULL, NULL, '1.70'),
(296, 278, 12, 'Medium', NULL, NULL, NULL, NULL, NULL, NULL, NULL, NULL, NULL, '2.00'),
(297, 280, 13, 'Medium', NULL, NULL, NULL, NULL, NULL, NULL, NULL, NULL, NULL, '2.00'),
(298, 281, 1, 'Medium', NULL, NULL, NULL, NULL, NULL, NULL, NULL, NULL, NULL, '1.70'),
(299, 282, 1, 'Medium', NULL, NULL, NULL, NULL, NULL, NULL, NULL, NULL, NULL, '1.70'),
(300, 283, 1, 'Medium', NULL, NULL, NULL, NULL, NULL, NULL, NULL, NULL, NULL, '1.70'),
(301, 284, 1, 'Medium', NULL, NULL, NULL, NULL, NULL, NULL, NULL, NULL, NULL, '1.70'),
(302, 284, 1, 'Medium', NULL, NULL, NULL, NULL, NULL, NULL, NULL, NULL, NULL, '1.70'),
(303, 284, 11, 'Medium', NULL, NULL, NULL, NULL, NULL, NULL, NULL, NULL, NULL, '2.00'),
(304, 284, 14, 'Medium', NULL, NULL, NULL, NULL, NULL, NULL, NULL, NULL, NULL, '2.00'),
(305, 284, 11, 'Medium', NULL, NULL, NULL, NULL, NULL, NULL, NULL, NULL, NULL, '2.00'),
(306, 284, 12, 'Medium', NULL, NULL, NULL, NULL, NULL, NULL, NULL, NULL, NULL, '2.00'),
(307, 285, 16, NULL, NULL, NULL, NULL, NULL, NULL, NULL, NULL, NULL, NULL, '0.80'),
(308, 285, 1, NULL, NULL, NULL, NULL, NULL, NULL, NULL, NULL, NULL, NULL, '2.20'),
(309, 285, 1, NULL, NULL, NULL, NULL, NULL, NULL, NULL, NULL, NULL, NULL, '1.50'),
(310, 285, 1, NULL, NULL, NULL, NULL, NULL, NULL, NULL, NULL, NULL, NULL, '1.50'),
(311, 285, 1, NULL, NULL, NULL, NULL, NULL, NULL, NULL, NULL, NULL, NULL, '1.50'),
(312, 285, 1, NULL, NULL, NULL, NULL, NULL, NULL, NULL, NULL, NULL, NULL, '1.50'),
(313, 285, 1, NULL, NULL, NULL, NULL, NULL, NULL, NULL, NULL, NULL, NULL, '1.50'),
(314, 285, 1, NULL, NULL, NULL, NULL, NULL, NULL, NULL, NULL, NULL, NULL, '1.50'),
(315, 285, 1, NULL, NULL, NULL, NULL, NULL, NULL, NULL, NULL, NULL, NULL, '1.50'),
(316, 285, 1, NULL, NULL, NULL, NULL, NULL, NULL, NULL, NULL, NULL, NULL, '1.50'),
(317, 285, 1, NULL, NULL, NULL, NULL, NULL, NULL, NULL, NULL, NULL, NULL, '1.50'),
(318, 285, 1, NULL, NULL, NULL, NULL, NULL, NULL, NULL, NULL, NULL, NULL, '1.50'),
(319, 285, 1, NULL, NULL, NULL, NULL, NULL, NULL, NULL, NULL, NULL, NULL, '1.50'),
(320, 285, 1, NULL, NULL, NULL, NULL, NULL, NULL, NULL, NULL, NULL, NULL, '1.50'),
(321, 285, 1, NULL, NULL, NULL, NULL, NULL, NULL, NULL, NULL, NULL, NULL, '1.50'),
(322, 285, 1, NULL, NULL, NULL, NULL, NULL, NULL, NULL, NULL, NULL, NULL, '1.50'),
(323, 285, 1, NULL, NULL, NULL, NULL, NULL, NULL, NULL, NULL, NULL, NULL, '1.50'),
(324, 285, 1, NULL, NULL, NULL, NULL, NULL, NULL, NULL, NULL, NULL, NULL, '1.50'),
(325, 285, 1, NULL, NULL, NULL, NULL, NULL, NULL, NULL, NULL, NULL, NULL, '1.50'),
(326, 285, 1, NULL, NULL, NULL, NULL, NULL, NULL, NULL, NULL, NULL, NULL, '1.50'),
(327, 285, 1, NULL, NULL, NULL, NULL, NULL, NULL, NULL, NULL, NULL, NULL, '1.50'),
(328, 285, 1, NULL, NULL, NULL, NULL, NULL, NULL, NULL, NULL, NULL, NULL, '1.50'),
(329, 285, 1, NULL, NULL, NULL, NULL, NULL, NULL, NULL, NULL, NULL, NULL, '1.50'),
(330, 285, 1, NULL, NULL, NULL, NULL, NULL, NULL, NULL, NULL, NULL, NULL, '1.50'),
(331, 285, 1, NULL, NULL, NULL, NULL, NULL, NULL, NULL, NULL, NULL, NULL, '1.50'),
(332, 285, 1, NULL, NULL, NULL, NULL, NULL, NULL, NULL, NULL, NULL, NULL, '1.50'),
(333, 285, 1, NULL, NULL, NULL, NULL, NULL, NULL, NULL, NULL, NULL, NULL, '1.50'),
(334, 285, 1, NULL, NULL, NULL, NULL, NULL, NULL, NULL, NULL, NULL, NULL, '1.50'),
(335, 285, 1, NULL, NULL, NULL, NULL, NULL, NULL, NULL, NULL, NULL, NULL, '1.50'),
(336, 285, 1, NULL, NULL, NULL, NULL, NULL, NULL, NULL, NULL, NULL, NULL, '1.50'),
(337, 285, 1, NULL, NULL, NULL, NULL, NULL, NULL, NULL, NULL, NULL, NULL, '1.50'),
(338, 285, 1, NULL, NULL, NULL, NULL, NULL, NULL, NULL, NULL, NULL, NULL, '1.50'),
(339, 285, 1, NULL, NULL, NULL, NULL, NULL, NULL, NULL, NULL, NULL, NULL, '1.50'),
(340, 285, 1, NULL, NULL, NULL, NULL, NULL, NULL, NULL, NULL, NULL, NULL, '1.50'),
(341, 285, 1, NULL, NULL, NULL, NULL, NULL, NULL, NULL, NULL, NULL, NULL, '1.50'),
(342, 285, 1, NULL, NULL, NULL, NULL, NULL, NULL, NULL, NULL, NULL, NULL, '1.50'),
(343, 285, 1, NULL, NULL, NULL, NULL, NULL, NULL, NULL, NULL, NULL, NULL, '1.50'),
(344, 285, 1, NULL, NULL, NULL, NULL, NULL, NULL, NULL, NULL, NULL, NULL, '1.50'),
(345, 285, 1, NULL, NULL, NULL, NULL, NULL, NULL, NULL, NULL, NULL, NULL, '1.50'),
(346, 285, 1, NULL, NULL, NULL, NULL, NULL, NULL, NULL, NULL, NULL, NULL, '1.50'),
(347, 285, 1, NULL, NULL, NULL, NULL, NULL, NULL, NULL, NULL, NULL, NULL, '1.50'),
(348, 285, 1, NULL, NULL, NULL, NULL, NULL, NULL, NULL, NULL, NULL, NULL, '1.50'),
(349, 285, 1, NULL, NULL, NULL, NULL, NULL, NULL, NULL, NULL, NULL, NULL, '1.50'),
(350, 285, 1, NULL, NULL, NULL, NULL, NULL, NULL, NULL, NULL, NULL, NULL, '1.50'),
(351, 285, 1, NULL, NULL, NULL, NULL, NULL, NULL, NULL, NULL, NULL, NULL, '1.50'),
(352, 285, 1, NULL, NULL, NULL, NULL, NULL, NULL, NULL, NULL, NULL, NULL, '1.50'),
(353, 285, 1, NULL, NULL, NULL, NULL, NULL, NULL, NULL, NULL, NULL, NULL, '1.50'),
(354, 285, 1, NULL, NULL, NULL, NULL, NULL, NULL, NULL, NULL, NULL, NULL, '1.50'),
(355, 285, 1, NULL, NULL, NULL, NULL, NULL, NULL, NULL, NULL, NULL, NULL, '1.50'),
(356, 285, 1, NULL, NULL, NULL, NULL, NULL, NULL, NULL, NULL, NULL, NULL, '1.50'),
(357, 285, 1, NULL, NULL, NULL, NULL, NULL, NULL, NULL, NULL, NULL, NULL, '1.50'),
(358, 285, 1, NULL, NULL, NULL, NULL, NULL, NULL, NULL, NULL, NULL, NULL, '1.50'),
(359, 285, 1, NULL, NULL, NULL, NULL, NULL, NULL, NULL, NULL, NULL, NULL, '1.50'),
(360, 285, 1, NULL, NULL, NULL, NULL, NULL, NULL, NULL, NULL, NULL, NULL, '1.50'),
(361, 285, 2, NULL, NULL, NULL, NULL, NULL, NULL, NULL, NULL, NULL, NULL, '2.10'),
(362, 285, 2, NULL, NULL, NULL, NULL, NULL, NULL, NULL, NULL, NULL, NULL, '2.10'),
(363, 285, 2, NULL, NULL, NULL, NULL, NULL, NULL, NULL, NULL, NULL, NULL, '2.10'),
(364, 285, 2, NULL, NULL, NULL, NULL, NULL, NULL, NULL, NULL, NULL, NULL, '2.10'),
(365, 285, 2, NULL, NULL, NULL, NULL, NULL, NULL, NULL, NULL, NULL, NULL, '2.10'),
(366, 285, 2, NULL, NULL, NULL, NULL, NULL, NULL, NULL, NULL, NULL, NULL, '2.10'),
(367, 285, 2, NULL, NULL, NULL, NULL, NULL, NULL, NULL, NULL, NULL, NULL, '2.10'),
(368, 285, 2, NULL, NULL, NULL, NULL, NULL, NULL, NULL, NULL, NULL, NULL, '2.10'),
(369, 285, 2, NULL, NULL, NULL, NULL, NULL, NULL, NULL, NULL, NULL, NULL, '2.10'),
(370, 285, 2, NULL, NULL, NULL, NULL, NULL, NULL, NULL, NULL, NULL, NULL, '2.10'),
(371, 285, 2, NULL, NULL, NULL, NULL, NULL, NULL, NULL, NULL, NULL, NULL, '2.10'),
(372, 285, 2, NULL, NULL, NULL, NULL, NULL, NULL, NULL, NULL, NULL, NULL, '2.10'),
(373, 285, 2, NULL, NULL, NULL, NULL, NULL, NULL, NULL, NULL, NULL, NULL, '2.10'),
(374, 285, 2, NULL, NULL, NULL, NULL, NULL, NULL, NULL, NULL, NULL, NULL, '2.10'),
(375, 285, 2, NULL, NULL, NULL, NULL, NULL, NULL, NULL, NULL, NULL, NULL, '2.10'),
(376, 285, 2, NULL, NULL, NULL, NULL, NULL, NULL, NULL, NULL, NULL, NULL, '2.10'),
(377, 285, 2, NULL, NULL, NULL, NULL, NULL, NULL, NULL, NULL, NULL, NULL, '2.10'),
(378, 285, 2, NULL, NULL, NULL, NULL, NULL, NULL, NULL, NULL, NULL, NULL, '2.10'),
(379, 285, 2, NULL, NULL, NULL, NULL, NULL, NULL, NULL, NULL, NULL, NULL, '2.10'),
(380, 285, 2, NULL, NULL, NULL, NULL, NULL, NULL, NULL, NULL, NULL, NULL, '2.10'),
(381, 285, 2, NULL, NULL, NULL, NULL, NULL, NULL, NULL, NULL, NULL, NULL, '2.10'),
(382, 285, 2, NULL, NULL, NULL, NULL, NULL, NULL, NULL, NULL, NULL, NULL, '2.10'),
(383, 285, 2, NULL, NULL, NULL, NULL, NULL, NULL, NULL, NULL, NULL, NULL, '2.10'),
(384, 285, 2, NULL, NULL, NULL, NULL, NULL, NULL, NULL, NULL, NULL, NULL, '2.10'),
(385, 285, 2, NULL, NULL, NULL, NULL, NULL, NULL, NULL, NULL, NULL, NULL, '2.10'),
(386, 285, 2, NULL, NULL, NULL, NULL, NULL, NULL, NULL, NULL, NULL, NULL, '2.10'),
(387, 285, 2, NULL, NULL, NULL, NULL, NULL, NULL, NULL, NULL, NULL, NULL, '2.10'),
(388, 285, 2, NULL, NULL, NULL, NULL, NULL, NULL, NULL, NULL, NULL, NULL, '2.10'),
(389, 285, 3, NULL, NULL, NULL, NULL, NULL, NULL, NULL, NULL, NULL, NULL, '2.10'),
(390, 285, 3, NULL, NULL, NULL, NULL, NULL, NULL, NULL, NULL, NULL, NULL, '2.10'),
(391, 285, 3, NULL, NULL, NULL, NULL, NULL, NULL, NULL, NULL, NULL, NULL, '2.10'),
(392, 285, 3, NULL, NULL, NULL, NULL, NULL, NULL, NULL, NULL, NULL, NULL, '2.10'),
(393, 285, 3, NULL, NULL, NULL, NULL, NULL, NULL, NULL, NULL, NULL, NULL, '2.10'),
(394, 285, 3, NULL, NULL, NULL, NULL, NULL, NULL, NULL, NULL, NULL, NULL, '2.10'),
(395, 285, 3, NULL, NULL, NULL, NULL, NULL, NULL, NULL, NULL, NULL, NULL, '2.10'),
(396, 285, 3, NULL, NULL, NULL, NULL, NULL, NULL, NULL, NULL, NULL, NULL, '2.10'),
(397, 285, 3, NULL, NULL, NULL, NULL, NULL, NULL, NULL, NULL, NULL, NULL, '2.10'),
(398, 285, 3, NULL, NULL, NULL, NULL, NULL, NULL, NULL, NULL, NULL, NULL, '2.10'),
(399, 285, 3, NULL, NULL, NULL, NULL, NULL, NULL, NULL, NULL, NULL, NULL, '2.10'),
(400, 285, 3, NULL, NULL, NULL, NULL, NULL, NULL, NULL, NULL, NULL, NULL, '2.10'),
(401, 285, 3, NULL, NULL, NULL, NULL, NULL, NULL, NULL, NULL, NULL, NULL, '2.10'),
(402, 285, 3, NULL, NULL, NULL, NULL, NULL, NULL, NULL, NULL, NULL, NULL, '2.10'),
(403, 285, 3, NULL, NULL, NULL, NULL, NULL, NULL, NULL, NULL, NULL, NULL, '2.10'),
(404, 285, 3, NULL, NULL, NULL, NULL, NULL, NULL, NULL, NULL, NULL, NULL, '2.10'),
(405, 285, 3, NULL, NULL, NULL, NULL, NULL, NULL, NULL, NULL, NULL, NULL, '2.10'),
(406, 285, 3, NULL, NULL, NULL, NULL, NULL, NULL, NULL, NULL, NULL, NULL, '2.10'),
(407, 285, 3, NULL, NULL, NULL, NULL, NULL, NULL, NULL, NULL, NULL, NULL, '2.10'),
(408, 285, 3, NULL, NULL, NULL, NULL, NULL, NULL, NULL, NULL, NULL, NULL, '2.10'),
(409, 285, 3, NULL, NULL, NULL, NULL, NULL, NULL, NULL, NULL, NULL, NULL, '2.10'),
(410, 285, 3, NULL, NULL, NULL, NULL, NULL, NULL, NULL, NULL, NULL, NULL, '2.10'),
(411, 285, 3, NULL, NULL, NULL, NULL, NULL, NULL, NULL, NULL, NULL, NULL, '2.10'),
(412, 285, 3, NULL, NULL, NULL, NULL, NULL, NULL, NULL, NULL, NULL, NULL, '2.10'),
(413, 285, 3, NULL, NULL, NULL, NULL, NULL, NULL, NULL, NULL, NULL, NULL, '2.10'),
(414, 285, 3, NULL, NULL, NULL, NULL, NULL, NULL, NULL, NULL, NULL, NULL, '2.10'),
(415, 285, 3, NULL, NULL, NULL, NULL, NULL, NULL, NULL, NULL, NULL, NULL, '2.10'),
(416, 285, 3, NULL, NULL, NULL, NULL, NULL, NULL, NULL, NULL, NULL, NULL, '2.10'),
(417, 285, 3, NULL, NULL, NULL, NULL, NULL, NULL, NULL, NULL, NULL, NULL, '2.10'),
(418, 285, 4, NULL, NULL, NULL, NULL, NULL, NULL, NULL, NULL, NULL, NULL, '2.20'),
(419, 285, 4, NULL, NULL, NULL, NULL, NULL, NULL, NULL, NULL, NULL, NULL, '2.20'),
(420, 285, 4, NULL, NULL, NULL, NULL, NULL, NULL, NULL, NULL, NULL, NULL, '2.20'),
(421, 285, 4, NULL, NULL, NULL, NULL, NULL, NULL, NULL, NULL, NULL, NULL, '2.20'),
(422, 285, 4, NULL, NULL, NULL, NULL, NULL, NULL, NULL, NULL, NULL, NULL, '2.20'),
(423, 285, 4, NULL, NULL, NULL, NULL, NULL, NULL, NULL, NULL, NULL, NULL, '2.20'),
(424, 285, 4, NULL, NULL, NULL, NULL, NULL, NULL, NULL, NULL, NULL, NULL, '2.20'),
(425, 285, 4, NULL, NULL, NULL, NULL, NULL, NULL, NULL, NULL, NULL, NULL, '2.20'),
(426, 285, 4, NULL, NULL, NULL, NULL, NULL, NULL, NULL, NULL, NULL, NULL, '2.20'),
(427, 285, 4, NULL, NULL, NULL, NULL, NULL, NULL, NULL, NULL, NULL, NULL, '2.20'),
(428, 285, 4, NULL, NULL, NULL, NULL, NULL, NULL, NULL, NULL, NULL, NULL, '2.20'),
(429, 285, 4, NULL, NULL, NULL, NULL, NULL, NULL, NULL, NULL, NULL, NULL, '2.20'),
(430, 285, 4, NULL, NULL, NULL, NULL, NULL, NULL, NULL, NULL, NULL, NULL, '2.20'),
(431, 285, 4, NULL, NULL, NULL, NULL, NULL, NULL, NULL, NULL, NULL, NULL, '2.20'),
(432, 285, 4, NULL, NULL, NULL, NULL, NULL, NULL, NULL, NULL, NULL, NULL, '2.20'),
(433, 285, 4, NULL, NULL, NULL, NULL, NULL, NULL, NULL, NULL, NULL, NULL, '2.20'),
(434, 285, 4, NULL, NULL, NULL, NULL, NULL, NULL, NULL, NULL, NULL, NULL, '2.20'),
(435, 285, 4, NULL, NULL, NULL, NULL, NULL, NULL, NULL, NULL, NULL, NULL, '2.20'),
(436, 285, 4, NULL, NULL, NULL, NULL, NULL, NULL, NULL, NULL, NULL, NULL, '2.20'),
(437, 285, 4, NULL, NULL, NULL, NULL, NULL, NULL, NULL, NULL, NULL, NULL, '2.20'),
(438, 285, 4, NULL, NULL, NULL, NULL, NULL, NULL, NULL, NULL, NULL, NULL, '2.20'),
(439, 285, 4, NULL, NULL, NULL, NULL, NULL, NULL, NULL, NULL, NULL, NULL, '2.20'),
(440, 285, 4, NULL, NULL, NULL, NULL, NULL, NULL, NULL, NULL, NULL, NULL, '2.20'),
(441, 285, 4, NULL, NULL, NULL, NULL, NULL, NULL, NULL, NULL, NULL, NULL, '2.20'),
(442, 285, 4, NULL, NULL, NULL, NULL, NULL, NULL, NULL, NULL, NULL, NULL, '2.20'),
(443, 285, 4, NULL, NULL, NULL, NULL, NULL, NULL, NULL, NULL, NULL, NULL, '2.20'),
(444, 285, 4, NULL, NULL, NULL, NULL, NULL, NULL, NULL, NULL, NULL, NULL, '2.20'),
(445, 285, 4, NULL, NULL, NULL, NULL, NULL, NULL, NULL, NULL, NULL, NULL, '2.20'),
(446, 285, 4, NULL, NULL, NULL, NULL, NULL, NULL, NULL, NULL, NULL, NULL, '2.20'),
(447, 285, 4, NULL, NULL, NULL, NULL, NULL, NULL, NULL, NULL, NULL, NULL, '2.20'),
(448, 285, 4, NULL, NULL, NULL, NULL, NULL, NULL, NULL, NULL, NULL, NULL, '2.20'),
(449, 285, 4, NULL, NULL, NULL, NULL, NULL, NULL, NULL, NULL, NULL, NULL, '2.20'),
(450, 285, 4, NULL, NULL, NULL, NULL, NULL, NULL, NULL, NULL, NULL, NULL, '2.20'),
(451, 285, 4, NULL, NULL, NULL, NULL, NULL, NULL, NULL, NULL, NULL, NULL, '2.20'),
(452, 285, 4, NULL, NULL, NULL, NULL, NULL, NULL, NULL, NULL, NULL, NULL, '2.20'),
(453, 285, 4, NULL, NULL, NULL, NULL, NULL, NULL, NULL, NULL, NULL, NULL, '2.20'),
(454, 285, 4, NULL, NULL, NULL, NULL, NULL, NULL, NULL, NULL, NULL, NULL, '2.20'),
(455, 285, 4, NULL, NULL, NULL, NULL, NULL, NULL, NULL, NULL, NULL, NULL, '2.20'),
(456, 285, 4, NULL, NULL, NULL, NULL, NULL, NULL, NULL, NULL, NULL, NULL, '2.20'),
(457, 285, 5, NULL, NULL, NULL, NULL, NULL, NULL, NULL, NULL, NULL, NULL, '2.20'),
(458, 285, 5, NULL, NULL, NULL, NULL, NULL, NULL, NULL, NULL, NULL, NULL, '2.20'),
(459, 285, 5, NULL, NULL, NULL, NULL, NULL, NULL, NULL, NULL, NULL, NULL, '2.20'),
(460, 285, 5, NULL, NULL, NULL, NULL, NULL, NULL, NULL, NULL, NULL, NULL, '2.20'),
(461, 285, 5, NULL, NULL, NULL, NULL, NULL, NULL, NULL, NULL, NULL, NULL, '2.20'),
(462, 285, 5, NULL, NULL, NULL, NULL, NULL, NULL, NULL, NULL, NULL, NULL, '2.20'),
(463, 285, 5, NULL, NULL, NULL, NULL, NULL, NULL, NULL, NULL, NULL, NULL, '2.20'),
(464, 285, 5, NULL, NULL, NULL, NULL, NULL, NULL, NULL, NULL, NULL, NULL, '2.20'),
(465, 285, 5, NULL, NULL, NULL, NULL, NULL, NULL, NULL, NULL, NULL, NULL, '2.20'),
(466, 285, 5, NULL, NULL, NULL, NULL, NULL, NULL, NULL, NULL, NULL, NULL, '2.20'),
(467, 285, 5, NULL, NULL, NULL, NULL, NULL, NULL, NULL, NULL, NULL, NULL, '2.20'),
(468, 285, 5, NULL, NULL, NULL, NULL, NULL, NULL, NULL, NULL, NULL, NULL, '2.20'),
(469, 285, 5, NULL, NULL, NULL, NULL, NULL, NULL, NULL, NULL, NULL, NULL, '2.20'),
(470, 285, 5, NULL, NULL, NULL, NULL, NULL, NULL, NULL, NULL, NULL, NULL, '2.20'),
(471, 285, 5, NULL, NULL, NULL, NULL, NULL, NULL, NULL, NULL, NULL, NULL, '2.20'),
(472, 285, 5, NULL, NULL, NULL, NULL, NULL, NULL, NULL, NULL, NULL, NULL, '2.20'),
(473, 285, 5, NULL, NULL, NULL, NULL, NULL, NULL, NULL, NULL, NULL, NULL, '2.20'),
(474, 285, 5, NULL, NULL, NULL, NULL, NULL, NULL, NULL, NULL, NULL, NULL, '2.20'),
(475, 285, 5, NULL, NULL, NULL, NULL, NULL, NULL, NULL, NULL, NULL, NULL, '2.20'),
(476, 285, 5, NULL, NULL, NULL, NULL, NULL, NULL, NULL, NULL, NULL, NULL, '2.20'),
(477, 285, 6, NULL, NULL, NULL, NULL, NULL, NULL, NULL, NULL, NULL, NULL, '2.10'),
(478, 285, 6, NULL, NULL, NULL, NULL, NULL, NULL, NULL, NULL, NULL, NULL, '2.10'),
(479, 285, 6, NULL, NULL, NULL, NULL, NULL, NULL, NULL, NULL, NULL, NULL, '2.10'),
(480, 285, 6, NULL, NULL, NULL, NULL, NULL, NULL, NULL, NULL, NULL, NULL, '2.10'),
(481, 285, 6, NULL, NULL, NULL, NULL, NULL, NULL, NULL, NULL, NULL, NULL, '2.10'),
(482, 285, 6, NULL, NULL, NULL, NULL, NULL, NULL, NULL, NULL, NULL, NULL, '2.10'),
(483, 285, 6, NULL, NULL, NULL, NULL, NULL, NULL, NULL, NULL, NULL, NULL, '2.10'),
(484, 285, 6, NULL, NULL, NULL, NULL, NULL, NULL, NULL, NULL, NULL, NULL, '2.10'),
(485, 285, 6, NULL, NULL, NULL, NULL, NULL, NULL, NULL, NULL, NULL, NULL, '2.10'),
(486, 285, 6, NULL, NULL, NULL, NULL, NULL, NULL, NULL, NULL, NULL, NULL, '2.10'),
(487, 285, 6, NULL, NULL, NULL, NULL, NULL, NULL, NULL, NULL, NULL, NULL, '2.10'),
(488, 285, 6, NULL, NULL, NULL, NULL, NULL, NULL, NULL, NULL, NULL, NULL, '2.10'),
(489, 285, 6, NULL, NULL, NULL, NULL, NULL, NULL, NULL, NULL, NULL, NULL, '2.10'),
(490, 285, 6, NULL, NULL, NULL, NULL, NULL, NULL, NULL, NULL, NULL, NULL, '2.10'),
(491, 285, 6, NULL, NULL, NULL, NULL, NULL, NULL, NULL, NULL, NULL, NULL, '2.10'),
(492, 285, 6, NULL, NULL, NULL, NULL, NULL, NULL, NULL, NULL, NULL, NULL, '2.10'),
(493, 285, 6, NULL, NULL, NULL, NULL, NULL, NULL, NULL, NULL, NULL, NULL, '2.10'),
(494, 285, 6, NULL, NULL, NULL, NULL, NULL, NULL, NULL, NULL, NULL, NULL, '2.10'),
(495, 285, 6, NULL, NULL, NULL, NULL, NULL, NULL, NULL, NULL, NULL, NULL, '2.10'),
(496, 285, 6, NULL, NULL, NULL, NULL, NULL, NULL, NULL, NULL, NULL, NULL, '2.10'),
(497, 285, 6, NULL, NULL, NULL, NULL, NULL, NULL, NULL, NULL, NULL, NULL, '2.10'),
(498, 285, 6, NULL, NULL, NULL, NULL, NULL, NULL, NULL, NULL, NULL, NULL, '2.10'),
(499, 285, 6, NULL, NULL, NULL, NULL, NULL, NULL, NULL, NULL, NULL, NULL, '2.10'),
(500, 285, 6, NULL, NULL, NULL, NULL, NULL, NULL, NULL, NULL, NULL, NULL, '2.10'),
(501, 285, 6, NULL, NULL, NULL, NULL, NULL, NULL, NULL, NULL, NULL, NULL, '2.10'),
(502, 285, 7, NULL, NULL, NULL, NULL, NULL, NULL, NULL, NULL, NULL, NULL, '2.10'),
(503, 285, 7, NULL, NULL, NULL, NULL, NULL, NULL, NULL, NULL, NULL, NULL, '2.10'),
(504, 285, 7, NULL, NULL, NULL, NULL, NULL, NULL, NULL, NULL, NULL, NULL, '2.10'),
(505, 285, 7, NULL, NULL, NULL, NULL, NULL, NULL, NULL, NULL, NULL, NULL, '2.10'),
(506, 285, 7, NULL, NULL, NULL, NULL, NULL, NULL, NULL, NULL, NULL, NULL, '2.10'),
(507, 285, 7, NULL, NULL, NULL, NULL, NULL, NULL, NULL, NULL, NULL, NULL, '2.10'),
(508, 285, 7, NULL, NULL, NULL, NULL, NULL, NULL, NULL, NULL, NULL, NULL, '2.10'),
(509, 285, 7, NULL, NULL, NULL, NULL, NULL, NULL, NULL, NULL, NULL, NULL, '2.10'),
(510, 285, 7, NULL, NULL, NULL, NULL, NULL, NULL, NULL, NULL, NULL, NULL, '2.10'),
(511, 285, 7, NULL, NULL, NULL, NULL, NULL, NULL, NULL, NULL, NULL, NULL, '2.10'),
(512, 285, 7, NULL, NULL, NULL, NULL, NULL, NULL, NULL, NULL, NULL, NULL, '2.10'),
(513, 285, 7, NULL, NULL, NULL, NULL, NULL, NULL, NULL, NULL, NULL, NULL, '2.10'),
(514, 285, 7, NULL, NULL, NULL, NULL, NULL, NULL, NULL, NULL, NULL, NULL, '2.10'),
(515, 285, 7, NULL, NULL, NULL, NULL, NULL, NULL, NULL, NULL, NULL, NULL, '2.10'),
(516, 285, 7, NULL, NULL, NULL, NULL, NULL, NULL, NULL, NULL, NULL, NULL, '2.10'),
(517, 285, 7, NULL, NULL, NULL, NULL, NULL, NULL, NULL, NULL, NULL, NULL, '2.10'),
(518, 285, 7, NULL, NULL, NULL, NULL, NULL, NULL, NULL, NULL, NULL, NULL, '2.10'),
(519, 285, 7, NULL, NULL, NULL, NULL, NULL, NULL, NULL, NULL, NULL, NULL, '2.10'),
(520, 285, 7, NULL, NULL, NULL, NULL, NULL, NULL, NULL, NULL, NULL, NULL, '2.10'),
(521, 285, 7, NULL, NULL, NULL, NULL, NULL, NULL, NULL, NULL, NULL, NULL, '2.10'),
(522, 285, 7, NULL, NULL, NULL, NULL, NULL, NULL, NULL, NULL, NULL, NULL, '2.10'),
(523, 285, 7, NULL, NULL, NULL, NULL, NULL, NULL, NULL, NULL, NULL, NULL, '2.10'),
(524, 285, 7, NULL, NULL, NULL, NULL, NULL, NULL, NULL, NULL, NULL, NULL, '2.10'),
(525, 285, 7, NULL, NULL, NULL, NULL, NULL, NULL, NULL, NULL, NULL, NULL, '2.10'),
(526, 285, 7, NULL, NULL, NULL, NULL, NULL, NULL, NULL, NULL, NULL, NULL, '2.10'),
(527, 285, 7, NULL, NULL, NULL, NULL, NULL, NULL, NULL, NULL, NULL, NULL, '2.10'),
(528, 285, 7, NULL, NULL, NULL, NULL, NULL, NULL, NULL, NULL, NULL, NULL, '2.10'),
(529, 285, 7, NULL, NULL, NULL, NULL, NULL, NULL, NULL, NULL, NULL, NULL, '2.10'),
(530, 285, 7, NULL, NULL, NULL, NULL, NULL, NULL, NULL, NULL, NULL, NULL, '2.10'),
(531, 285, 8, NULL, NULL, NULL, NULL, NULL, NULL, NULL, NULL, NULL, NULL, '1.85'),
(532, 285, 8, NULL, NULL, NULL, NULL, NULL, NULL, NULL, NULL, NULL, NULL, '1.85'),
(533, 285, 8, NULL, NULL, NULL, NULL, NULL, NULL, NULL, NULL, NULL, NULL, '1.85'),
(534, 285, 8, NULL, NULL, NULL, NULL, NULL, NULL, NULL, NULL, NULL, NULL, '1.85'),
(535, 285, 8, NULL, NULL, NULL, NULL, NULL, NULL, NULL, NULL, NULL, NULL, '1.85'),
(536, 285, 8, NULL, NULL, NULL, NULL, NULL, NULL, NULL, NULL, NULL, NULL, '1.85'),
(537, 285, 8, NULL, NULL, NULL, NULL, NULL, NULL, NULL, NULL, NULL, NULL, '1.85'),
(538, 285, 8, NULL, NULL, NULL, NULL, NULL, NULL, NULL, NULL, NULL, NULL, '1.85'),
(539, 285, 8, NULL, NULL, NULL, NULL, NULL, NULL, NULL, NULL, NULL, NULL, '1.85'),
(540, 285, 8, NULL, NULL, NULL, NULL, NULL, NULL, NULL, NULL, NULL, NULL, '1.85'),
(541, 285, 8, NULL, NULL, NULL, NULL, NULL, NULL, NULL, NULL, NULL, NULL, '1.85'),
(542, 285, 8, NULL, NULL, NULL, NULL, NULL, NULL, NULL, NULL, NULL, NULL, '1.85'),
(543, 285, 8, NULL, NULL, NULL, NULL, NULL, NULL, NULL, NULL, NULL, NULL, '1.85'),
(544, 285, 8, NULL, NULL, NULL, NULL, NULL, NULL, NULL, NULL, NULL, NULL, '1.85'),
(545, 285, 8, NULL, NULL, NULL, NULL, NULL, NULL, NULL, NULL, NULL, NULL, '1.85'),
(546, 285, 8, NULL, NULL, NULL, NULL, NULL, NULL, NULL, NULL, NULL, NULL, '1.85'),
(547, 285, 8, NULL, NULL, NULL, NULL, NULL, NULL, NULL, NULL, NULL, NULL, '1.85'),
(548, 285, 8, NULL, NULL, NULL, NULL, NULL, NULL, NULL, NULL, NULL, NULL, '1.85'),
(549, 285, 8, NULL, NULL, NULL, NULL, NULL, NULL, NULL, NULL, NULL, NULL, '1.85'),
(550, 285, 8, NULL, NULL, NULL, NULL, NULL, NULL, NULL, NULL, NULL, NULL, '1.85'),
(551, 285, 8, NULL, NULL, NULL, NULL, NULL, NULL, NULL, NULL, NULL, NULL, '1.85'),
(552, 285, 8, NULL, NULL, NULL, NULL, NULL, NULL, NULL, NULL, NULL, NULL, '1.85'),
(553, 285, 8, NULL, NULL, NULL, NULL, NULL, NULL, NULL, NULL, NULL, NULL, '1.85'),
(554, 285, 9, NULL, NULL, NULL, NULL, NULL, NULL, NULL, NULL, NULL, NULL, '1.85'),
(555, 285, 9, NULL, NULL, NULL, NULL, NULL, NULL, NULL, NULL, NULL, NULL, '1.85'),
(556, 285, 9, NULL, NULL, NULL, NULL, NULL, NULL, NULL, NULL, NULL, NULL, '1.85'),
(557, 285, 9, NULL, NULL, NULL, NULL, NULL, NULL, NULL, NULL, NULL, NULL, '1.85'),
(558, 285, 9, NULL, NULL, NULL, NULL, NULL, NULL, NULL, NULL, NULL, NULL, '1.85'),
(559, 285, 9, NULL, NULL, NULL, NULL, NULL, NULL, NULL, NULL, NULL, NULL, '1.85'),
(560, 285, 9, NULL, NULL, NULL, NULL, NULL, NULL, NULL, NULL, NULL, NULL, '1.85'),
(561, 285, 9, NULL, NULL, NULL, NULL, NULL, NULL, NULL, NULL, NULL, NULL, '1.85'),
(562, 285, 9, NULL, NULL, NULL, NULL, NULL, NULL, NULL, NULL, NULL, NULL, '1.85'),
(563, 285, 9, NULL, NULL, NULL, NULL, NULL, NULL, NULL, NULL, NULL, NULL, '1.85'),
(564, 285, 9, NULL, NULL, NULL, NULL, NULL, NULL, NULL, NULL, NULL, NULL, '1.85'),
(565, 285, 9, NULL, NULL, NULL, NULL, NULL, NULL, NULL, NULL, NULL, NULL, '1.85'),
(566, 285, 9, NULL, NULL, NULL, NULL, NULL, NULL, NULL, NULL, NULL, NULL, '1.85'),
(567, 285, 9, NULL, NULL, NULL, NULL, NULL, NULL, NULL, NULL, NULL, NULL, '1.85'),
(568, 285, 9, NULL, NULL, NULL, NULL, NULL, NULL, NULL, NULL, NULL, NULL, '1.85'),
(569, 285, 10, NULL, NULL, NULL, NULL, NULL, NULL, NULL, NULL, NULL, NULL, '1.70'),
(570, 285, 10, NULL, NULL, NULL, NULL, NULL, NULL, NULL, NULL, NULL, NULL, '1.70'),
(571, 285, 10, NULL, NULL, NULL, NULL, NULL, NULL, NULL, NULL, NULL, NULL, '1.70'),
(572, 285, 10, NULL, NULL, NULL, NULL, NULL, NULL, NULL, NULL, NULL, NULL, '1.70'),
(573, 285, 10, NULL, NULL, NULL, NULL, NULL, NULL, NULL, NULL, NULL, NULL, '1.70'),
(574, 285, 10, NULL, NULL, NULL, NULL, NULL, NULL, NULL, NULL, NULL, NULL, '1.70'),
(575, 285, 10, NULL, NULL, NULL, NULL, NULL, NULL, NULL, NULL, NULL, NULL, '1.70'),
(576, 285, 10, NULL, NULL, NULL, NULL, NULL, NULL, NULL, NULL, NULL, NULL, '1.70'),
(577, 285, 10, NULL, NULL, NULL, NULL, NULL, NULL, NULL, NULL, NULL, NULL, '1.70'),
(578, 285, 10, NULL, NULL, NULL, NULL, NULL, NULL, NULL, NULL, NULL, NULL, '1.70'),
(579, 285, 10, NULL, NULL, NULL, NULL, NULL, NULL, NULL, NULL, NULL, NULL, '1.70'),
(580, 285, 10, NULL, NULL, NULL, NULL, NULL, NULL, NULL, NULL, NULL, NULL, '1.70'),
(581, 285, 10, NULL, NULL, NULL, NULL, NULL, NULL, NULL, NULL, NULL, NULL, '1.70'),
(582, 285, 10, NULL, NULL, NULL, NULL, NULL, NULL, NULL, NULL, NULL, NULL, '1.70'),
(583, 285, 10, NULL, NULL, NULL, NULL, NULL, NULL, NULL, NULL, NULL, NULL, '1.70'),
(584, 285, 10, NULL, NULL, NULL, NULL, NULL, NULL, NULL, NULL, NULL, NULL, '1.70'),
(585, 285, 10, NULL, NULL, NULL, NULL, NULL, NULL, NULL, NULL, NULL, NULL, '1.70'),
(586, 285, 10, NULL, NULL, NULL, NULL, NULL, NULL, NULL, NULL, NULL, NULL, '1.70'),
(587, 285, 10, NULL, NULL, NULL, NULL, NULL, NULL, NULL, NULL, NULL, NULL, '1.70'),
(588, 285, 10, NULL, NULL, NULL, NULL, NULL, NULL, NULL, NULL, NULL, NULL, '1.70'),
(589, 285, 10, NULL, NULL, NULL, NULL, NULL, NULL, NULL, NULL, NULL, NULL, '1.70'),
(590, 285, 10, NULL, NULL, NULL, NULL, NULL, NULL, NULL, NULL, NULL, NULL, '1.70'),
(591, 285, 10, NULL, NULL, NULL, NULL, NULL, NULL, NULL, NULL, NULL, NULL, '1.70'),
(592, 285, 10, NULL, NULL, NULL, NULL, NULL, NULL, NULL, NULL, NULL, NULL, '1.70'),
(593, 285, 10, NULL, NULL, NULL, NULL, NULL, NULL, NULL, NULL, NULL, NULL, '1.70'),
(594, 285, 10, NULL, NULL, NULL, NULL, NULL, NULL, NULL, NULL, NULL, NULL, '1.70'),
(595, 285, 10, NULL, NULL, NULL, NULL, NULL, NULL, NULL, NULL, NULL, NULL, '1.70'),
(596, 285, 10, NULL, NULL, NULL, NULL, NULL, NULL, NULL, NULL, NULL, NULL, '1.70'),
(597, 285, 10, NULL, NULL, NULL, NULL, NULL, NULL, NULL, NULL, NULL, NULL, '1.70'),
(598, 285, 10, NULL, NULL, NULL, NULL, NULL, NULL, NULL, NULL, NULL, NULL, '1.70'),
(599, 285, 10, NULL, NULL, NULL, NULL, NULL, NULL, NULL, NULL, NULL, NULL, '1.70'),
(600, 285, 10, NULL, NULL, NULL, NULL, NULL, NULL, NULL, NULL, NULL, NULL, '1.70'),
(601, 285, 10, NULL, NULL, NULL, NULL, NULL, NULL, NULL, NULL, NULL, NULL, '1.70'),
(602, 285, 10, NULL, NULL, NULL, NULL, NULL, NULL, NULL, NULL, NULL, NULL, '1.70'),
(603, 285, 10, NULL, NULL, NULL, NULL, NULL, NULL, NULL, NULL, NULL, NULL, '1.70'),
(604, 285, 10, NULL, NULL, NULL, NULL, NULL, NULL, NULL, NULL, NULL, NULL, '1.70'),
(605, 285, 10, NULL, NULL, NULL, NULL, NULL, NULL, NULL, NULL, NULL, NULL, '1.70'),
(606, 285, 10, NULL, NULL, NULL, NULL, NULL, NULL, NULL, NULL, NULL, NULL, '1.70'),
(607, 285, 10, NULL, NULL, NULL, NULL, NULL, NULL, NULL, NULL, NULL, NULL, '1.70'),
(608, 285, 11, NULL, NULL, NULL, NULL, NULL, NULL, NULL, NULL, NULL, NULL, '1.80'),
(609, 285, 11, NULL, NULL, NULL, NULL, NULL, NULL, NULL, NULL, NULL, NULL, '1.80'),
(610, 285, 11, NULL, NULL, NULL, NULL, NULL, NULL, NULL, NULL, NULL, NULL, '1.80'),
(611, 285, 11, NULL, NULL, NULL, NULL, NULL, NULL, NULL, NULL, NULL, NULL, '1.80'),
(612, 285, 11, NULL, NULL, NULL, NULL, NULL, NULL, NULL, NULL, NULL, NULL, '1.80'),
(613, 285, 11, NULL, NULL, NULL, NULL, NULL, NULL, NULL, NULL, NULL, NULL, '1.80'),
(614, 285, 11, NULL, NULL, NULL, NULL, NULL, NULL, NULL, NULL, NULL, NULL, '1.80'),
(615, 285, 11, NULL, NULL, NULL, NULL, NULL, NULL, NULL, NULL, NULL, NULL, '1.80'),
(616, 285, 11, NULL, NULL, NULL, NULL, NULL, NULL, NULL, NULL, NULL, NULL, '1.80'),
(617, 285, 11, NULL, NULL, NULL, NULL, NULL, NULL, NULL, NULL, NULL, NULL, '1.80'),
(618, 285, 11, NULL, NULL, NULL, NULL, NULL, NULL, NULL, NULL, NULL, NULL, '1.80'),
(619, 285, 11, NULL, NULL, NULL, NULL, NULL, NULL, NULL, NULL, NULL, NULL, '1.80'),
(620, 285, 11, NULL, NULL, NULL, NULL, NULL, NULL, NULL, NULL, NULL, NULL, '1.80'),
(621, 285, 11, NULL, NULL, NULL, NULL, NULL, NULL, NULL, NULL, NULL, NULL, '1.80'),
(622, 285, 11, NULL, NULL, NULL, NULL, NULL, NULL, NULL, NULL, NULL, NULL, '1.80'),
(623, 285, 11, NULL, NULL, NULL, NULL, NULL, NULL, NULL, NULL, NULL, NULL, '1.80'),
(624, 285, 11, NULL, NULL, NULL, NULL, NULL, NULL, NULL, NULL, NULL, NULL, '1.80'),
(625, 285, 11, NULL, NULL, NULL, NULL, NULL, NULL, NULL, NULL, NULL, NULL, '1.80'),
(626, 285, 11, NULL, NULL, NULL, NULL, NULL, NULL, NULL, NULL, NULL, NULL, '1.80'),
(627, 285, 11, NULL, NULL, NULL, NULL, NULL, NULL, NULL, NULL, NULL, NULL, '1.80'),
(628, 285, 11, NULL, NULL, NULL, NULL, NULL, NULL, NULL, NULL, NULL, NULL, '1.80'),
(629, 285, 11, NULL, NULL, NULL, NULL, NULL, NULL, NULL, NULL, NULL, NULL, '1.80'),
(630, 285, 11, NULL, NULL, NULL, NULL, NULL, NULL, NULL, NULL, NULL, NULL, '1.80'),
(631, 285, 11, NULL, NULL, NULL, NULL, NULL, NULL, NULL, NULL, NULL, NULL, '1.80'),
(632, 285, 11, NULL, NULL, NULL, NULL, NULL, NULL, NULL, NULL, NULL, NULL, '1.80'),
(633, 285, 11, NULL, NULL, NULL, NULL, NULL, NULL, NULL, NULL, NULL, NULL, '1.80'),
(634, 285, 11, NULL, NULL, NULL, NULL, NULL, NULL, NULL, NULL, NULL, NULL, '1.80'),
(635, 285, 11, NULL, NULL, NULL, NULL, NULL, NULL, NULL, NULL, NULL, NULL, '1.80'),
(636, 285, 11, NULL, NULL, NULL, NULL, NULL, NULL, NULL, NULL, NULL, NULL, '1.80'),
(637, 285, 11, NULL, NULL, NULL, NULL, NULL, NULL, NULL, NULL, NULL, NULL, '1.80'),
(638, 285, 11, NULL, NULL, NULL, NULL, NULL, NULL, NULL, NULL, NULL, NULL, '1.80'),
(639, 285, 11, NULL, NULL, NULL, NULL, NULL, NULL, NULL, NULL, NULL, NULL, '1.80'),
(640, 285, 11, NULL, NULL, NULL, NULL, NULL, NULL, NULL, NULL, NULL, NULL, '1.80'),
(641, 285, 11, NULL, NULL, NULL, NULL, NULL, NULL, NULL, NULL, NULL, NULL, '1.80'),
(642, 285, 11, NULL, NULL, NULL, NULL, NULL, NULL, NULL, NULL, NULL, NULL, '1.80'),
(643, 285, 11, NULL, NULL, NULL, NULL, NULL, NULL, NULL, NULL, NULL, NULL, '1.80'),
(644, 285, 11, NULL, NULL, NULL, NULL, NULL, NULL, NULL, NULL, NULL, NULL, '1.80'),
(645, 285, 11, NULL, NULL, NULL, NULL, NULL, NULL, NULL, NULL, NULL, NULL, '1.80'),
(646, 285, 11, NULL, NULL, NULL, NULL, NULL, NULL, NULL, NULL, NULL, NULL, '1.80'),
(647, 285, 11, NULL, NULL, NULL, NULL, NULL, NULL, NULL, NULL, NULL, NULL, '1.80'),
(648, 285, 11, NULL, NULL, NULL, NULL, NULL, NULL, NULL, NULL, NULL, NULL, '1.80'),
(649, 285, 11, NULL, NULL, NULL, NULL, NULL, NULL, NULL, NULL, NULL, NULL, '1.80'),
(650, 285, 11, NULL, NULL, NULL, NULL, NULL, NULL, NULL, NULL, NULL, NULL, '1.80'),
(651, 285, 11, NULL, NULL, NULL, NULL, NULL, NULL, NULL, NULL, NULL, NULL, '1.80'),
(652, 285, 11, NULL, NULL, NULL, NULL, NULL, NULL, NULL, NULL, NULL, NULL, '1.80'),
(653, 285, 11, NULL, NULL, NULL, NULL, NULL, NULL, NULL, NULL, NULL, NULL, '1.80'),
(654, 285, 11, NULL, NULL, NULL, NULL, NULL, NULL, NULL, NULL, NULL, NULL, '1.80'),
(655, 285, 11, NULL, NULL, NULL, NULL, NULL, NULL, NULL, NULL, NULL, NULL, '1.80'),
(656, 285, 11, NULL, NULL, NULL, NULL, NULL, NULL, NULL, NULL, NULL, NULL, '1.80'),
(657, 285, 11, NULL, NULL, NULL, NULL, NULL, NULL, NULL, NULL, NULL, NULL, '1.80'),
(658, 285, 11, NULL, NULL, NULL, NULL, NULL, NULL, NULL, NULL, NULL, NULL, '1.80'),
(659, 285, 11, NULL, NULL, NULL, NULL, NULL, NULL, NULL, NULL, NULL, NULL, '1.80'),
(660, 285, 11, NULL, NULL, NULL, NULL, NULL, NULL, NULL, NULL, NULL, NULL, '1.80'),
(661, 285, 11, NULL, NULL, NULL, NULL, NULL, NULL, NULL, NULL, NULL, NULL, '1.80'),
(662, 285, 11, NULL, NULL, NULL, NULL, NULL, NULL, NULL, NULL, NULL, NULL, '1.80'),
(663, 285, 11, NULL, NULL, NULL, NULL, NULL, NULL, NULL, NULL, NULL, NULL, '1.80'),
(664, 285, 11, NULL, NULL, NULL, NULL, NULL, NULL, NULL, NULL, NULL, NULL, '1.80'),
(665, 285, 11, NULL, NULL, NULL, NULL, NULL, NULL, NULL, NULL, NULL, NULL, '1.80'),
(666, 285, 11, NULL, NULL, NULL, NULL, NULL, NULL, NULL, NULL, NULL, NULL, '1.80'),
(667, 285, 11, NULL, NULL, NULL, NULL, NULL, NULL, NULL, NULL, NULL, NULL, '1.80'),
(668, 285, 11, NULL, NULL, NULL, NULL, NULL, NULL, NULL, NULL, NULL, NULL, '1.80'),
(669, 285, 11, NULL, NULL, NULL, NULL, NULL, NULL, NULL, NULL, NULL, NULL, '1.80'),
(670, 285, 11, NULL, NULL, NULL, NULL, NULL, NULL, NULL, NULL, NULL, NULL, '1.80'),
(671, 285, 11, NULL, NULL, NULL, NULL, NULL, NULL, NULL, NULL, NULL, NULL, '1.80'),
(672, 285, 11, NULL, NULL, NULL, NULL, NULL, NULL, NULL, NULL, NULL, NULL, '1.80'),
(673, 285, 11, NULL, NULL, NULL, NULL, NULL, NULL, NULL, NULL, NULL, NULL, '1.80'),
(674, 285, 11, NULL, NULL, NULL, NULL, NULL, NULL, NULL, NULL, NULL, NULL, '1.80'),
(675, 285, 11, NULL, NULL, NULL, NULL, NULL, NULL, NULL, NULL, NULL, NULL, '1.80'),
(676, 285, 11, NULL, NULL, NULL, NULL, NULL, NULL, NULL, NULL, NULL, NULL, '1.80'),
(677, 285, 11, NULL, NULL, NULL, NULL, NULL, NULL, NULL, NULL, NULL, NULL, '1.80'),
(678, 285, 11, NULL, NULL, NULL, NULL, NULL, NULL, NULL, NULL, NULL, NULL, '1.80'),
(679, 285, 11, NULL, NULL, NULL, NULL, NULL, NULL, NULL, NULL, NULL, NULL, '1.80'),
(680, 285, 11, NULL, NULL, NULL, NULL, NULL, NULL, NULL, NULL, NULL, NULL, '1.80'),
(681, 285, 11, NULL, NULL, NULL, NULL, NULL, NULL, NULL, NULL, NULL, NULL, '1.80'),
(682, 285, 11, NULL, NULL, NULL, NULL, NULL, NULL, NULL, NULL, NULL, NULL, '1.80'),
(683, 285, 11, NULL, NULL, NULL, NULL, NULL, NULL, NULL, NULL, NULL, NULL, '1.80'),
(684, 285, 11, NULL, NULL, NULL, NULL, NULL, NULL, NULL, NULL, NULL, NULL, '1.80'),
(685, 285, 11, NULL, NULL, NULL, NULL, NULL, NULL, NULL, NULL, NULL, NULL, '1.80'),
(686, 285, 11, NULL, NULL, NULL, NULL, NULL, NULL, NULL, NULL, NULL, NULL, '1.80'),
(687, 285, 11, NULL, NULL, NULL, NULL, NULL, NULL, NULL, NULL, NULL, NULL, '1.80'),
(688, 285, 11, NULL, NULL, NULL, NULL, NULL, NULL, NULL, NULL, NULL, NULL, '1.80'),
(689, 285, 12, NULL, NULL, NULL, NULL, NULL, NULL, NULL, NULL, NULL, NULL, '1.80'),
(690, 285, 12, NULL, NULL, NULL, NULL, NULL, NULL, NULL, NULL, NULL, NULL, '1.80'),
(691, 285, 12, NULL, NULL, NULL, NULL, NULL, NULL, NULL, NULL, NULL, NULL, '1.80'),
(692, 285, 12, NULL, NULL, NULL, NULL, NULL, NULL, NULL, NULL, NULL, NULL, '1.80'),
(693, 285, 12, NULL, NULL, NULL, NULL, NULL, NULL, NULL, NULL, NULL, NULL, '1.80'),
(694, 285, 12, NULL, NULL, NULL, NULL, NULL, NULL, NULL, NULL, NULL, NULL, '1.80'),
(695, 285, 12, NULL, NULL, NULL, NULL, NULL, NULL, NULL, NULL, NULL, NULL, '1.80'),
(696, 285, 12, NULL, NULL, NULL, NULL, NULL, NULL, NULL, NULL, NULL, NULL, '1.80'),
(697, 285, 12, NULL, NULL, NULL, NULL, NULL, NULL, NULL, NULL, NULL, NULL, '1.80'),
(698, 285, 12, NULL, NULL, NULL, NULL, NULL, NULL, NULL, NULL, NULL, NULL, '1.80'),
(699, 285, 12, NULL, NULL, NULL, NULL, NULL, NULL, NULL, NULL, NULL, NULL, '1.80'),
(700, 285, 12, NULL, NULL, NULL, NULL, NULL, NULL, NULL, NULL, NULL, NULL, '1.80'),
(701, 285, 12, NULL, NULL, NULL, NULL, NULL, NULL, NULL, NULL, NULL, NULL, '1.80'),
(702, 285, 12, NULL, NULL, NULL, NULL, NULL, NULL, NULL, NULL, NULL, NULL, '1.80'),
(703, 285, 12, NULL, NULL, NULL, NULL, NULL, NULL, NULL, NULL, NULL, NULL, '1.80'),
(704, 285, 12, NULL, NULL, NULL, NULL, NULL, NULL, NULL, NULL, NULL, NULL, '1.80'),
(705, 285, 12, NULL, NULL, NULL, NULL, NULL, NULL, NULL, NULL, NULL, NULL, '1.80'),
(706, 285, 12, NULL, NULL, NULL, NULL, NULL, NULL, NULL, NULL, NULL, NULL, '1.80'),
(707, 285, 12, NULL, NULL, NULL, NULL, NULL, NULL, NULL, NULL, NULL, NULL, '1.80'),
(708, 285, 12, NULL, NULL, NULL, NULL, NULL, NULL, NULL, NULL, NULL, NULL, '1.80'),
(709, 285, 12, NULL, NULL, NULL, NULL, NULL, NULL, NULL, NULL, NULL, NULL, '1.80'),
(710, 285, 12, NULL, NULL, NULL, NULL, NULL, NULL, NULL, NULL, NULL, NULL, '1.80'),
(711, 285, 12, NULL, NULL, NULL, NULL, NULL, NULL, NULL, NULL, NULL, NULL, '1.80'),
(712, 285, 12, NULL, NULL, NULL, NULL, NULL, NULL, NULL, NULL, NULL, NULL, '1.80'),
(713, 285, 12, NULL, NULL, NULL, NULL, NULL, NULL, NULL, NULL, NULL, NULL, '1.80'),
(714, 285, 12, NULL, NULL, NULL, NULL, NULL, NULL, NULL, NULL, NULL, NULL, '1.80'),
(715, 285, 12, NULL, NULL, NULL, NULL, NULL, NULL, NULL, NULL, NULL, NULL, '1.80'),
(716, 285, 12, NULL, NULL, NULL, NULL, NULL, NULL, NULL, NULL, NULL, NULL, '1.80'),
(717, 285, 12, NULL, NULL, NULL, NULL, NULL, NULL, NULL, NULL, NULL, NULL, '1.80'),
(718, 285, 12, NULL, NULL, NULL, NULL, NULL, NULL, NULL, NULL, NULL, NULL, '1.80'),
(719, 285, 12, NULL, NULL, NULL, NULL, NULL, NULL, NULL, NULL, NULL, NULL, '1.80'),
(720, 285, 12, NULL, NULL, NULL, NULL, NULL, NULL, NULL, NULL, NULL, NULL, '1.80'),
(721, 285, 12, NULL, NULL, NULL, NULL, NULL, NULL, NULL, NULL, NULL, NULL, '1.80'),
(722, 285, 12, NULL, NULL, NULL, NULL, NULL, NULL, NULL, NULL, NULL, NULL, '1.80'),
(723, 285, 12, NULL, NULL, NULL, NULL, NULL, NULL, NULL, NULL, NULL, NULL, '1.80'),
(724, 285, 12, NULL, NULL, NULL, NULL, NULL, NULL, NULL, NULL, NULL, NULL, '1.80'),
(725, 285, 12, NULL, NULL, NULL, NULL, NULL, NULL, NULL, NULL, NULL, NULL, '1.80'),
(726, 285, 12, NULL, NULL, NULL, NULL, NULL, NULL, NULL, NULL, NULL, NULL, '1.80'),
(727, 285, 12, NULL, NULL, NULL, NULL, NULL, NULL, NULL, NULL, NULL, NULL, '1.80'),
(728, 285, 12, NULL, NULL, NULL, NULL, NULL, NULL, NULL, NULL, NULL, NULL, '1.80'),
(729, 285, 12, NULL, NULL, NULL, NULL, NULL, NULL, NULL, NULL, NULL, NULL, '1.80'),
(730, 285, 12, NULL, NULL, NULL, NULL, NULL, NULL, NULL, NULL, NULL, NULL, '1.80'),
(731, 285, 12, NULL, NULL, NULL, NULL, NULL, NULL, NULL, NULL, NULL, NULL, '1.80'),
(732, 285, 12, NULL, NULL, NULL, NULL, NULL, NULL, NULL, NULL, NULL, NULL, '1.80'),
(733, 285, 12, NULL, NULL, NULL, NULL, NULL, NULL, NULL, NULL, NULL, NULL, '1.80'),
(734, 285, 12, NULL, NULL, NULL, NULL, NULL, NULL, NULL, NULL, NULL, NULL, '1.80'),
(735, 285, 12, NULL, NULL, NULL, NULL, NULL, NULL, NULL, NULL, NULL, NULL, '1.80'),
(736, 285, 12, NULL, NULL, NULL, NULL, NULL, NULL, NULL, NULL, NULL, NULL, '1.80'),
(737, 285, 12, NULL, NULL, NULL, NULL, NULL, NULL, NULL, NULL, NULL, NULL, '1.80'),
(738, 285, 13, NULL, NULL, NULL, NULL, NULL, NULL, NULL, NULL, NULL, NULL, '1.80'),
(739, 285, 13, NULL, NULL, NULL, NULL, NULL, NULL, NULL, NULL, NULL, NULL, '1.80'),
(740, 285, 13, NULL, NULL, NULL, NULL, NULL, NULL, NULL, NULL, NULL, NULL, '1.80'),
(741, 285, 13, NULL, NULL, NULL, NULL, NULL, NULL, NULL, NULL, NULL, NULL, '1.80'),
(742, 285, 13, NULL, NULL, NULL, NULL, NULL, NULL, NULL, NULL, NULL, NULL, '1.80'),
(743, 285, 13, NULL, NULL, NULL, NULL, NULL, NULL, NULL, NULL, NULL, NULL, '1.80'),
(744, 285, 13, NULL, NULL, NULL, NULL, NULL, NULL, NULL, NULL, NULL, NULL, '1.80'),
(745, 285, 13, NULL, NULL, NULL, NULL, NULL, NULL, NULL, NULL, NULL, NULL, '1.80'),
(746, 285, 13, NULL, NULL, NULL, NULL, NULL, NULL, NULL, NULL, NULL, NULL, '1.80'),
(747, 285, 13, NULL, NULL, NULL, NULL, NULL, NULL, NULL, NULL, NULL, NULL, '1.80'),
(748, 285, 13, NULL, NULL, NULL, NULL, NULL, NULL, NULL, NULL, NULL, NULL, '1.80'),
(749, 285, 13, NULL, NULL, NULL, NULL, NULL, NULL, NULL, NULL, NULL, NULL, '1.80'),
(750, 285, 13, NULL, NULL, NULL, NULL, NULL, NULL, NULL, NULL, NULL, NULL, '1.80'),
(751, 285, 13, NULL, NULL, NULL, NULL, NULL, NULL, NULL, NULL, NULL, NULL, '1.80'),
(752, 285, 13, NULL, NULL, NULL, NULL, NULL, NULL, NULL, NULL, NULL, NULL, '1.80'),
(753, 285, 13, NULL, NULL, NULL, NULL, NULL, NULL, NULL, NULL, NULL, NULL, '1.80'),
(754, 285, 13, NULL, NULL, NULL, NULL, NULL, NULL, NULL, NULL, NULL, NULL, '1.80'),
(755, 285, 13, NULL, NULL, NULL, NULL, NULL, NULL, NULL, NULL, NULL, NULL, '1.80'),
(756, 285, 14, NULL, NULL, NULL, NULL, NULL, NULL, NULL, NULL, NULL, NULL, '1.80'),
(757, 285, 14, NULL, NULL, NULL, NULL, NULL, NULL, NULL, NULL, NULL, NULL, '1.80'),
(758, 285, 14, NULL, NULL, NULL, NULL, NULL, NULL, NULL, NULL, NULL, NULL, '1.80'),
(759, 285, 14, NULL, NULL, NULL, NULL, NULL, NULL, NULL, NULL, NULL, NULL, '1.80'),
(760, 285, 14, NULL, NULL, NULL, NULL, NULL, NULL, NULL, NULL, NULL, NULL, '1.80'),
(761, 285, 14, NULL, NULL, NULL, NULL, NULL, NULL, NULL, NULL, NULL, NULL, '1.80'),
(762, 285, 14, NULL, NULL, NULL, NULL, NULL, NULL, NULL, NULL, NULL, NULL, '1.80'),
(763, 285, 14, NULL, NULL, NULL, NULL, NULL, NULL, NULL, NULL, NULL, NULL, '1.80'),
(764, 285, 14, NULL, NULL, NULL, NULL, NULL, NULL, NULL, NULL, NULL, NULL, '1.80'),
(765, 285, 14, NULL, NULL, NULL, NULL, NULL, NULL, NULL, NULL, NULL, NULL, '1.80'),
(766, 285, 14, NULL, NULL, NULL, NULL, NULL, NULL, NULL, NULL, NULL, NULL, '1.80'),
(767, 285, 14, NULL, NULL, NULL, NULL, NULL, NULL, NULL, NULL, NULL, NULL, '1.80'),
(768, 285, 14, NULL, NULL, NULL, NULL, NULL, NULL, NULL, NULL, NULL, NULL, '1.80'),
(769, 285, 14, NULL, NULL, NULL, NULL, NULL, NULL, NULL, NULL, NULL, NULL, '1.80'),
(770, 285, 14, NULL, NULL, NULL, NULL, NULL, NULL, NULL, NULL, NULL, NULL, '1.80');
INSERT INTO `cp_order_items` (`id`, `order_id`, `product_id`, `opt_1`, `opt_2`, `opt_3`, `opt_4`, `opt_5`, `opt_6`, `opt_7`, `opt_8`, `opt_9`, `opt_10`, `price`) VALUES
(771, 285, 14, NULL, NULL, NULL, NULL, NULL, NULL, NULL, NULL, NULL, NULL, '1.80'),
(772, 285, 14, NULL, NULL, NULL, NULL, NULL, NULL, NULL, NULL, NULL, NULL, '1.80'),
(773, 285, 14, NULL, NULL, NULL, NULL, NULL, NULL, NULL, NULL, NULL, NULL, '1.80'),
(774, 285, 14, NULL, NULL, NULL, NULL, NULL, NULL, NULL, NULL, NULL, NULL, '1.80'),
(775, 285, 14, NULL, NULL, NULL, NULL, NULL, NULL, NULL, NULL, NULL, NULL, '1.80'),
(776, 285, 14, NULL, NULL, NULL, NULL, NULL, NULL, NULL, NULL, NULL, NULL, '1.80'),
(777, 285, 14, NULL, NULL, NULL, NULL, NULL, NULL, NULL, NULL, NULL, NULL, '1.80'),
(778, 285, 14, NULL, NULL, NULL, NULL, NULL, NULL, NULL, NULL, NULL, NULL, '1.80'),
(779, 285, 14, NULL, NULL, NULL, NULL, NULL, NULL, NULL, NULL, NULL, NULL, '1.80'),
(780, 285, 14, NULL, NULL, NULL, NULL, NULL, NULL, NULL, NULL, NULL, NULL, '1.80'),
(781, 285, 14, NULL, NULL, NULL, NULL, NULL, NULL, NULL, NULL, NULL, NULL, '1.80'),
(782, 285, 14, NULL, NULL, NULL, NULL, NULL, NULL, NULL, NULL, NULL, NULL, '1.80'),
(783, 285, 15, NULL, NULL, NULL, NULL, NULL, NULL, NULL, NULL, NULL, NULL, '1.80'),
(784, 285, 15, NULL, NULL, NULL, NULL, NULL, NULL, NULL, NULL, NULL, NULL, '1.80'),
(785, 285, 15, NULL, NULL, NULL, NULL, NULL, NULL, NULL, NULL, NULL, NULL, '1.80'),
(786, 285, 15, NULL, NULL, NULL, NULL, NULL, NULL, NULL, NULL, NULL, NULL, '1.80'),
(787, 285, 15, NULL, NULL, NULL, NULL, NULL, NULL, NULL, NULL, NULL, NULL, '1.80'),
(788, 285, 15, NULL, NULL, NULL, NULL, NULL, NULL, NULL, NULL, NULL, NULL, '1.80'),
(789, 285, 15, NULL, NULL, NULL, NULL, NULL, NULL, NULL, NULL, NULL, NULL, '1.80'),
(790, 285, 15, NULL, NULL, NULL, NULL, NULL, NULL, NULL, NULL, NULL, NULL, '1.80'),
(791, 285, 15, NULL, NULL, NULL, NULL, NULL, NULL, NULL, NULL, NULL, NULL, '1.80'),
(792, 285, 15, NULL, NULL, NULL, NULL, NULL, NULL, NULL, NULL, NULL, NULL, '1.80'),
(793, 285, 15, NULL, NULL, NULL, NULL, NULL, NULL, NULL, NULL, NULL, NULL, '1.80'),
(794, 285, 15, NULL, NULL, NULL, NULL, NULL, NULL, NULL, NULL, NULL, NULL, '1.80'),
(795, 285, 15, NULL, NULL, NULL, NULL, NULL, NULL, NULL, NULL, NULL, NULL, '1.80'),
(796, 285, 15, NULL, NULL, NULL, NULL, NULL, NULL, NULL, NULL, NULL, NULL, '1.80'),
(797, 285, 15, NULL, NULL, NULL, NULL, NULL, NULL, NULL, NULL, NULL, NULL, '1.80'),
(798, 285, 15, NULL, NULL, NULL, NULL, NULL, NULL, NULL, NULL, NULL, NULL, '1.80'),
(799, 285, 15, NULL, NULL, NULL, NULL, NULL, NULL, NULL, NULL, NULL, NULL, '1.80'),
(800, 285, 15, NULL, NULL, NULL, NULL, NULL, NULL, NULL, NULL, NULL, NULL, '1.80'),
(801, 285, 15, NULL, NULL, NULL, NULL, NULL, NULL, NULL, NULL, NULL, NULL, '1.80'),
(802, 285, 15, NULL, NULL, NULL, NULL, NULL, NULL, NULL, NULL, NULL, NULL, '1.80'),
(803, 285, 15, NULL, NULL, NULL, NULL, NULL, NULL, NULL, NULL, NULL, NULL, '1.80'),
(804, 285, 15, NULL, NULL, NULL, NULL, NULL, NULL, NULL, NULL, NULL, NULL, '1.80'),
(805, 285, 15, NULL, NULL, NULL, NULL, NULL, NULL, NULL, NULL, NULL, NULL, '1.80'),
(806, 285, 15, NULL, NULL, NULL, NULL, NULL, NULL, NULL, NULL, NULL, NULL, '1.80'),
(807, 285, 15, NULL, NULL, NULL, NULL, NULL, NULL, NULL, NULL, NULL, NULL, '1.80'),
(808, 285, 15, NULL, NULL, NULL, NULL, NULL, NULL, NULL, NULL, NULL, NULL, '1.80'),
(809, 285, 15, NULL, NULL, NULL, NULL, NULL, NULL, NULL, NULL, NULL, NULL, '1.80'),
(810, 285, 15, NULL, NULL, NULL, NULL, NULL, NULL, NULL, NULL, NULL, NULL, '1.80'),
(811, 285, 15, NULL, NULL, NULL, NULL, NULL, NULL, NULL, NULL, NULL, NULL, '1.80'),
(812, 285, 15, NULL, NULL, NULL, NULL, NULL, NULL, NULL, NULL, NULL, NULL, '1.80'),
(813, 285, 15, NULL, NULL, NULL, NULL, NULL, NULL, NULL, NULL, NULL, NULL, '1.80'),
(814, 285, 15, NULL, NULL, NULL, NULL, NULL, NULL, NULL, NULL, NULL, NULL, '1.80'),
(815, 285, 15, NULL, NULL, NULL, NULL, NULL, NULL, NULL, NULL, NULL, NULL, '1.80'),
(816, 285, 15, NULL, NULL, NULL, NULL, NULL, NULL, NULL, NULL, NULL, NULL, '1.80'),
(817, 285, 15, NULL, NULL, NULL, NULL, NULL, NULL, NULL, NULL, NULL, NULL, '1.80'),
(818, 285, 15, NULL, NULL, NULL, NULL, NULL, NULL, NULL, NULL, NULL, NULL, '1.80'),
(819, 285, 15, NULL, NULL, NULL, NULL, NULL, NULL, NULL, NULL, NULL, NULL, '1.80'),
(820, 285, 15, NULL, NULL, NULL, NULL, NULL, NULL, NULL, NULL, NULL, NULL, '1.80'),
(821, 285, 15, NULL, NULL, NULL, NULL, NULL, NULL, NULL, NULL, NULL, NULL, '1.80'),
(822, 285, 15, NULL, NULL, NULL, NULL, NULL, NULL, NULL, NULL, NULL, NULL, '1.80'),
(823, 285, 16, NULL, NULL, NULL, NULL, NULL, NULL, NULL, NULL, NULL, NULL, '0.80'),
(824, 285, 16, NULL, NULL, NULL, NULL, NULL, NULL, NULL, NULL, NULL, NULL, '0.80'),
(825, 285, 16, NULL, NULL, NULL, NULL, NULL, NULL, NULL, NULL, NULL, NULL, '0.80'),
(826, 285, 16, NULL, NULL, NULL, NULL, NULL, NULL, NULL, NULL, NULL, NULL, '0.80'),
(827, 285, 16, NULL, NULL, NULL, NULL, NULL, NULL, NULL, NULL, NULL, NULL, '0.80'),
(828, 285, 16, NULL, NULL, NULL, NULL, NULL, NULL, NULL, NULL, NULL, NULL, '0.80'),
(829, 285, 16, NULL, NULL, NULL, NULL, NULL, NULL, NULL, NULL, NULL, NULL, '0.80'),
(830, 285, 16, NULL, NULL, NULL, NULL, NULL, NULL, NULL, NULL, NULL, NULL, '0.80'),
(831, 285, 16, NULL, NULL, NULL, NULL, NULL, NULL, NULL, NULL, NULL, NULL, '0.80'),
(832, 285, 16, NULL, NULL, NULL, NULL, NULL, NULL, NULL, NULL, NULL, NULL, '0.80'),
(833, 285, 16, NULL, NULL, NULL, NULL, NULL, NULL, NULL, NULL, NULL, NULL, '0.80'),
(834, 285, 16, NULL, NULL, NULL, NULL, NULL, NULL, NULL, NULL, NULL, NULL, '0.80'),
(835, 285, 16, NULL, NULL, NULL, NULL, NULL, NULL, NULL, NULL, NULL, NULL, '0.80'),
(836, 285, 16, NULL, NULL, NULL, NULL, NULL, NULL, NULL, NULL, NULL, NULL, '0.80'),
(837, 285, 16, NULL, NULL, NULL, NULL, NULL, NULL, NULL, NULL, NULL, NULL, '0.80'),
(838, 285, 16, NULL, NULL, NULL, NULL, NULL, NULL, NULL, NULL, NULL, NULL, '0.80'),
(839, 285, 16, NULL, NULL, NULL, NULL, NULL, NULL, NULL, NULL, NULL, NULL, '0.80'),
(840, 285, 16, NULL, NULL, NULL, NULL, NULL, NULL, NULL, NULL, NULL, NULL, '0.80'),
(841, 285, 16, NULL, NULL, NULL, NULL, NULL, NULL, NULL, NULL, NULL, NULL, '0.80'),
(842, 285, 16, NULL, NULL, NULL, NULL, NULL, NULL, NULL, NULL, NULL, NULL, '0.80'),
(843, 285, 17, NULL, NULL, NULL, NULL, NULL, NULL, NULL, NULL, NULL, NULL, '0.80'),
(844, 285, 17, NULL, NULL, NULL, NULL, NULL, NULL, NULL, NULL, NULL, NULL, '0.80'),
(845, 285, 17, NULL, NULL, NULL, NULL, NULL, NULL, NULL, NULL, NULL, NULL, '0.80'),
(846, 285, 17, NULL, NULL, NULL, NULL, NULL, NULL, NULL, NULL, NULL, NULL, '0.80'),
(847, 285, 17, NULL, NULL, NULL, NULL, NULL, NULL, NULL, NULL, NULL, NULL, '0.80'),
(848, 285, 17, NULL, NULL, NULL, NULL, NULL, NULL, NULL, NULL, NULL, NULL, '0.80'),
(849, 285, 17, NULL, NULL, NULL, NULL, NULL, NULL, NULL, NULL, NULL, NULL, '0.80'),
(850, 285, 17, NULL, NULL, NULL, NULL, NULL, NULL, NULL, NULL, NULL, NULL, '0.80'),
(851, 285, 17, NULL, NULL, NULL, NULL, NULL, NULL, NULL, NULL, NULL, NULL, '0.80'),
(852, 285, 17, NULL, NULL, NULL, NULL, NULL, NULL, NULL, NULL, NULL, NULL, '0.80'),
(853, 285, 17, NULL, NULL, NULL, NULL, NULL, NULL, NULL, NULL, NULL, NULL, '0.80'),
(854, 285, 17, NULL, NULL, NULL, NULL, NULL, NULL, NULL, NULL, NULL, NULL, '0.80'),
(855, 285, 17, NULL, NULL, NULL, NULL, NULL, NULL, NULL, NULL, NULL, NULL, '0.80'),
(856, 285, 17, NULL, NULL, NULL, NULL, NULL, NULL, NULL, NULL, NULL, NULL, '0.80'),
(857, 285, 17, NULL, NULL, NULL, NULL, NULL, NULL, NULL, NULL, NULL, NULL, '0.80'),
(858, 285, 17, NULL, NULL, NULL, NULL, NULL, NULL, NULL, NULL, NULL, NULL, '0.80'),
(859, 285, 17, NULL, NULL, NULL, NULL, NULL, NULL, NULL, NULL, NULL, NULL, '0.80'),
(860, 285, 17, NULL, NULL, NULL, NULL, NULL, NULL, NULL, NULL, NULL, NULL, '0.80'),
(861, 285, 17, NULL, NULL, NULL, NULL, NULL, NULL, NULL, NULL, NULL, NULL, '0.80'),
(862, 285, 18, NULL, NULL, NULL, NULL, NULL, NULL, NULL, NULL, NULL, NULL, '0.80'),
(863, 285, 18, NULL, NULL, NULL, NULL, NULL, NULL, NULL, NULL, NULL, NULL, '0.80'),
(864, 285, 18, NULL, NULL, NULL, NULL, NULL, NULL, NULL, NULL, NULL, NULL, '0.80'),
(865, 285, 18, NULL, NULL, NULL, NULL, NULL, NULL, NULL, NULL, NULL, NULL, '0.80'),
(866, 285, 18, NULL, NULL, NULL, NULL, NULL, NULL, NULL, NULL, NULL, NULL, '0.80'),
(867, 285, 18, NULL, NULL, NULL, NULL, NULL, NULL, NULL, NULL, NULL, NULL, '0.80'),
(868, 285, 18, NULL, NULL, NULL, NULL, NULL, NULL, NULL, NULL, NULL, NULL, '0.80'),
(869, 285, 18, NULL, NULL, NULL, NULL, NULL, NULL, NULL, NULL, NULL, NULL, '0.80'),
(870, 285, 18, NULL, NULL, NULL, NULL, NULL, NULL, NULL, NULL, NULL, NULL, '0.80'),
(871, 285, 18, NULL, NULL, NULL, NULL, NULL, NULL, NULL, NULL, NULL, NULL, '0.80'),
(872, 285, 18, NULL, NULL, NULL, NULL, NULL, NULL, NULL, NULL, NULL, NULL, '0.80'),
(873, 285, 18, NULL, NULL, NULL, NULL, NULL, NULL, NULL, NULL, NULL, NULL, '0.80'),
(874, 285, 18, NULL, NULL, NULL, NULL, NULL, NULL, NULL, NULL, NULL, NULL, '0.80'),
(875, 285, 19, NULL, NULL, NULL, NULL, NULL, NULL, NULL, NULL, NULL, NULL, '0.80'),
(876, 285, 19, NULL, NULL, NULL, NULL, NULL, NULL, NULL, NULL, NULL, NULL, '0.80'),
(877, 285, 19, NULL, NULL, NULL, NULL, NULL, NULL, NULL, NULL, NULL, NULL, '0.80'),
(878, 285, 19, NULL, NULL, NULL, NULL, NULL, NULL, NULL, NULL, NULL, NULL, '0.80'),
(879, 285, 19, NULL, NULL, NULL, NULL, NULL, NULL, NULL, NULL, NULL, NULL, '0.80'),
(880, 285, 19, NULL, NULL, NULL, NULL, NULL, NULL, NULL, NULL, NULL, NULL, '0.80'),
(881, 285, 19, NULL, NULL, NULL, NULL, NULL, NULL, NULL, NULL, NULL, NULL, '0.80'),
(882, 285, 19, NULL, NULL, NULL, NULL, NULL, NULL, NULL, NULL, NULL, NULL, '0.80'),
(883, 285, 19, NULL, NULL, NULL, NULL, NULL, NULL, NULL, NULL, NULL, NULL, '0.80'),
(884, 285, 19, NULL, NULL, NULL, NULL, NULL, NULL, NULL, NULL, NULL, NULL, '0.80'),
(885, 285, 19, NULL, NULL, NULL, NULL, NULL, NULL, NULL, NULL, NULL, NULL, '0.80'),
(886, 285, 19, NULL, NULL, NULL, NULL, NULL, NULL, NULL, NULL, NULL, NULL, '0.80'),
(887, 285, 19, NULL, NULL, NULL, NULL, NULL, NULL, NULL, NULL, NULL, NULL, '0.80'),
(888, 285, 19, NULL, NULL, NULL, NULL, NULL, NULL, NULL, NULL, NULL, NULL, '0.80'),
(889, 285, 19, NULL, NULL, NULL, NULL, NULL, NULL, NULL, NULL, NULL, NULL, '0.80'),
(890, 285, 19, NULL, NULL, NULL, NULL, NULL, NULL, NULL, NULL, NULL, NULL, '0.80'),
(891, 285, 19, NULL, NULL, NULL, NULL, NULL, NULL, NULL, NULL, NULL, NULL, '0.80'),
(892, 285, 19, NULL, NULL, NULL, NULL, NULL, NULL, NULL, NULL, NULL, NULL, '0.80'),
(893, 285, 19, NULL, NULL, NULL, NULL, NULL, NULL, NULL, NULL, NULL, NULL, '0.80'),
(894, 285, 19, NULL, NULL, NULL, NULL, NULL, NULL, NULL, NULL, NULL, NULL, '0.80'),
(895, 285, 19, NULL, NULL, NULL, NULL, NULL, NULL, NULL, NULL, NULL, NULL, '0.80'),
(896, 285, 19, NULL, NULL, NULL, NULL, NULL, NULL, NULL, NULL, NULL, NULL, '0.80'),
(897, 285, 19, NULL, NULL, NULL, NULL, NULL, NULL, NULL, NULL, NULL, NULL, '0.80'),
(898, 285, 20, NULL, NULL, NULL, NULL, NULL, NULL, NULL, NULL, NULL, NULL, '0.80'),
(899, 285, 20, NULL, NULL, NULL, NULL, NULL, NULL, NULL, NULL, NULL, NULL, '0.80'),
(900, 285, 20, NULL, NULL, NULL, NULL, NULL, NULL, NULL, NULL, NULL, NULL, '0.80'),
(901, 285, 20, NULL, NULL, NULL, NULL, NULL, NULL, NULL, NULL, NULL, NULL, '0.80'),
(902, 285, 20, NULL, NULL, NULL, NULL, NULL, NULL, NULL, NULL, NULL, NULL, '0.80'),
(903, 285, 20, NULL, NULL, NULL, NULL, NULL, NULL, NULL, NULL, NULL, NULL, '0.80'),
(904, 285, 20, NULL, NULL, NULL, NULL, NULL, NULL, NULL, NULL, NULL, NULL, '0.80'),
(905, 285, 20, NULL, NULL, NULL, NULL, NULL, NULL, NULL, NULL, NULL, NULL, '0.80'),
(906, 285, 20, NULL, NULL, NULL, NULL, NULL, NULL, NULL, NULL, NULL, NULL, '0.80'),
(907, 285, 20, NULL, NULL, NULL, NULL, NULL, NULL, NULL, NULL, NULL, NULL, '0.80'),
(908, 285, 20, NULL, NULL, NULL, NULL, NULL, NULL, NULL, NULL, NULL, NULL, '0.80'),
(909, 285, 20, NULL, NULL, NULL, NULL, NULL, NULL, NULL, NULL, NULL, NULL, '0.80'),
(910, 285, 20, NULL, NULL, NULL, NULL, NULL, NULL, NULL, NULL, NULL, NULL, '0.80'),
(911, 285, 20, NULL, NULL, NULL, NULL, NULL, NULL, NULL, NULL, NULL, NULL, '0.80'),
(912, 285, 20, NULL, NULL, NULL, NULL, NULL, NULL, NULL, NULL, NULL, NULL, '0.80'),
(913, 285, 21, NULL, NULL, NULL, NULL, NULL, NULL, NULL, NULL, NULL, NULL, '0.65'),
(914, 285, 21, NULL, NULL, NULL, NULL, NULL, NULL, NULL, NULL, NULL, NULL, '0.65'),
(915, 285, 21, NULL, NULL, NULL, NULL, NULL, NULL, NULL, NULL, NULL, NULL, '0.65'),
(916, 285, 21, NULL, NULL, NULL, NULL, NULL, NULL, NULL, NULL, NULL, NULL, '0.65'),
(917, 285, 21, NULL, NULL, NULL, NULL, NULL, NULL, NULL, NULL, NULL, NULL, '0.65'),
(918, 285, 21, NULL, NULL, NULL, NULL, NULL, NULL, NULL, NULL, NULL, NULL, '0.65'),
(919, 285, 21, NULL, NULL, NULL, NULL, NULL, NULL, NULL, NULL, NULL, NULL, '0.65'),
(920, 285, 21, NULL, NULL, NULL, NULL, NULL, NULL, NULL, NULL, NULL, NULL, '0.65'),
(921, 285, 21, NULL, NULL, NULL, NULL, NULL, NULL, NULL, NULL, NULL, NULL, '0.65'),
(922, 285, 21, NULL, NULL, NULL, NULL, NULL, NULL, NULL, NULL, NULL, NULL, '0.65'),
(923, 285, 21, NULL, NULL, NULL, NULL, NULL, NULL, NULL, NULL, NULL, NULL, '0.65'),
(924, 285, 21, NULL, NULL, NULL, NULL, NULL, NULL, NULL, NULL, NULL, NULL, '0.65'),
(925, 285, 21, NULL, NULL, NULL, NULL, NULL, NULL, NULL, NULL, NULL, NULL, '0.65'),
(926, 285, 21, NULL, NULL, NULL, NULL, NULL, NULL, NULL, NULL, NULL, NULL, '0.65'),
(927, 285, 21, NULL, NULL, NULL, NULL, NULL, NULL, NULL, NULL, NULL, NULL, '0.65'),
(928, 285, 21, NULL, NULL, NULL, NULL, NULL, NULL, NULL, NULL, NULL, NULL, '0.65'),
(929, 285, 22, NULL, NULL, NULL, NULL, NULL, NULL, NULL, NULL, NULL, NULL, '0.60'),
(930, 285, 22, NULL, NULL, NULL, NULL, NULL, NULL, NULL, NULL, NULL, NULL, '0.60'),
(931, 285, 22, NULL, NULL, NULL, NULL, NULL, NULL, NULL, NULL, NULL, NULL, '0.60'),
(932, 285, 22, NULL, NULL, NULL, NULL, NULL, NULL, NULL, NULL, NULL, NULL, '0.60'),
(933, 285, 22, NULL, NULL, NULL, NULL, NULL, NULL, NULL, NULL, NULL, NULL, '0.60'),
(934, 285, 22, NULL, NULL, NULL, NULL, NULL, NULL, NULL, NULL, NULL, NULL, '0.60'),
(935, 285, 22, NULL, NULL, NULL, NULL, NULL, NULL, NULL, NULL, NULL, NULL, '0.60'),
(936, 285, 22, NULL, NULL, NULL, NULL, NULL, NULL, NULL, NULL, NULL, NULL, '0.60'),
(937, 285, 22, NULL, NULL, NULL, NULL, NULL, NULL, NULL, NULL, NULL, NULL, '0.60'),
(938, 285, 22, NULL, NULL, NULL, NULL, NULL, NULL, NULL, NULL, NULL, NULL, '0.60'),
(939, 285, 22, NULL, NULL, NULL, NULL, NULL, NULL, NULL, NULL, NULL, NULL, '0.60'),
(940, 285, 22, NULL, NULL, NULL, NULL, NULL, NULL, NULL, NULL, NULL, NULL, '0.60'),
(941, 285, 22, NULL, NULL, NULL, NULL, NULL, NULL, NULL, NULL, NULL, NULL, '0.60'),
(942, 285, 22, NULL, NULL, NULL, NULL, NULL, NULL, NULL, NULL, NULL, NULL, '0.60'),
(943, 285, 22, NULL, NULL, NULL, NULL, NULL, NULL, NULL, NULL, NULL, NULL, '0.60'),
(944, 285, 22, NULL, NULL, NULL, NULL, NULL, NULL, NULL, NULL, NULL, NULL, '0.60'),
(945, 285, 23, NULL, NULL, NULL, NULL, NULL, NULL, NULL, NULL, NULL, NULL, '0.50'),
(946, 285, 23, NULL, NULL, NULL, NULL, NULL, NULL, NULL, NULL, NULL, NULL, '0.50'),
(947, 285, 23, NULL, NULL, NULL, NULL, NULL, NULL, NULL, NULL, NULL, NULL, '0.50'),
(948, 285, 23, NULL, NULL, NULL, NULL, NULL, NULL, NULL, NULL, NULL, NULL, '0.50'),
(949, 285, 23, NULL, NULL, NULL, NULL, NULL, NULL, NULL, NULL, NULL, NULL, '0.50'),
(950, 285, 23, NULL, NULL, NULL, NULL, NULL, NULL, NULL, NULL, NULL, NULL, '0.50'),
(951, 285, 23, NULL, NULL, NULL, NULL, NULL, NULL, NULL, NULL, NULL, NULL, '0.50'),
(952, 285, 23, NULL, NULL, NULL, NULL, NULL, NULL, NULL, NULL, NULL, NULL, '0.50'),
(953, 285, 23, NULL, NULL, NULL, NULL, NULL, NULL, NULL, NULL, NULL, NULL, '0.50'),
(954, 285, 23, NULL, NULL, NULL, NULL, NULL, NULL, NULL, NULL, NULL, NULL, '0.50'),
(955, 285, 23, NULL, NULL, NULL, NULL, NULL, NULL, NULL, NULL, NULL, NULL, '0.50'),
(956, 285, 23, NULL, NULL, NULL, NULL, NULL, NULL, NULL, NULL, NULL, NULL, '0.50'),
(957, 285, 23, NULL, NULL, NULL, NULL, NULL, NULL, NULL, NULL, NULL, NULL, '0.50'),
(958, 285, 23, NULL, NULL, NULL, NULL, NULL, NULL, NULL, NULL, NULL, NULL, '0.50'),
(959, 285, 23, NULL, NULL, NULL, NULL, NULL, NULL, NULL, NULL, NULL, NULL, '0.50'),
(960, 285, 23, NULL, NULL, NULL, NULL, NULL, NULL, NULL, NULL, NULL, NULL, '0.50'),
(961, 285, 23, NULL, NULL, NULL, NULL, NULL, NULL, NULL, NULL, NULL, NULL, '0.50'),
(962, 285, 24, NULL, NULL, NULL, NULL, NULL, NULL, NULL, NULL, NULL, NULL, '2.00'),
(963, 285, 24, NULL, NULL, NULL, NULL, NULL, NULL, NULL, NULL, NULL, NULL, '2.00'),
(964, 285, 24, NULL, NULL, NULL, NULL, NULL, NULL, NULL, NULL, NULL, NULL, '2.00'),
(965, 285, 24, NULL, NULL, NULL, NULL, NULL, NULL, NULL, NULL, NULL, NULL, '2.00'),
(966, 285, 24, NULL, NULL, NULL, NULL, NULL, NULL, NULL, NULL, NULL, NULL, '2.00'),
(967, 285, 24, NULL, NULL, NULL, NULL, NULL, NULL, NULL, NULL, NULL, NULL, '2.00'),
(968, 285, 24, NULL, NULL, NULL, NULL, NULL, NULL, NULL, NULL, NULL, NULL, '2.00'),
(969, 285, 24, NULL, NULL, NULL, NULL, NULL, NULL, NULL, NULL, NULL, NULL, '2.00'),
(970, 285, 24, NULL, NULL, NULL, NULL, NULL, NULL, NULL, NULL, NULL, NULL, '2.00'),
(971, 285, 24, NULL, NULL, NULL, NULL, NULL, NULL, NULL, NULL, NULL, NULL, '2.00'),
(972, 285, 24, NULL, NULL, NULL, NULL, NULL, NULL, NULL, NULL, NULL, NULL, '2.00'),
(973, 285, 24, NULL, NULL, NULL, NULL, NULL, NULL, NULL, NULL, NULL, NULL, '2.00'),
(974, 285, 24, NULL, NULL, NULL, NULL, NULL, NULL, NULL, NULL, NULL, NULL, '2.00'),
(975, 285, 24, NULL, NULL, NULL, NULL, NULL, NULL, NULL, NULL, NULL, NULL, '2.00'),
(976, 285, 24, NULL, NULL, NULL, NULL, NULL, NULL, NULL, NULL, NULL, NULL, '2.00'),
(977, 285, 24, NULL, NULL, NULL, NULL, NULL, NULL, NULL, NULL, NULL, NULL, '2.00'),
(978, 285, 24, NULL, NULL, NULL, NULL, NULL, NULL, NULL, NULL, NULL, NULL, '2.00'),
(979, 285, 24, NULL, NULL, NULL, NULL, NULL, NULL, NULL, NULL, NULL, NULL, '2.00'),
(980, 285, 24, NULL, NULL, NULL, NULL, NULL, NULL, NULL, NULL, NULL, NULL, '2.00'),
(981, 285, 24, NULL, NULL, NULL, NULL, NULL, NULL, NULL, NULL, NULL, NULL, '2.00'),
(982, 285, 24, NULL, NULL, NULL, NULL, NULL, NULL, NULL, NULL, NULL, NULL, '2.00'),
(983, 285, 24, NULL, NULL, NULL, NULL, NULL, NULL, NULL, NULL, NULL, NULL, '2.00'),
(984, 285, 24, NULL, NULL, NULL, NULL, NULL, NULL, NULL, NULL, NULL, NULL, '2.00'),
(985, 285, 24, NULL, NULL, NULL, NULL, NULL, NULL, NULL, NULL, NULL, NULL, '2.00'),
(986, 285, 24, NULL, NULL, NULL, NULL, NULL, NULL, NULL, NULL, NULL, NULL, '2.00'),
(987, 285, 24, NULL, NULL, NULL, NULL, NULL, NULL, NULL, NULL, NULL, NULL, '2.00'),
(988, 285, 24, NULL, NULL, NULL, NULL, NULL, NULL, NULL, NULL, NULL, NULL, '2.00'),
(989, 285, 24, NULL, NULL, NULL, NULL, NULL, NULL, NULL, NULL, NULL, NULL, '2.00'),
(990, 285, 24, NULL, NULL, NULL, NULL, NULL, NULL, NULL, NULL, NULL, NULL, '2.00'),
(991, 285, 24, NULL, NULL, NULL, NULL, NULL, NULL, NULL, NULL, NULL, NULL, '2.00'),
(992, 285, 24, NULL, NULL, NULL, NULL, NULL, NULL, NULL, NULL, NULL, NULL, '2.00'),
(993, 285, 24, NULL, NULL, NULL, NULL, NULL, NULL, NULL, NULL, NULL, NULL, '2.00'),
(994, 285, 24, NULL, NULL, NULL, NULL, NULL, NULL, NULL, NULL, NULL, NULL, '2.00'),
(995, 285, 24, NULL, NULL, NULL, NULL, NULL, NULL, NULL, NULL, NULL, NULL, '2.00'),
(996, 285, 24, NULL, NULL, NULL, NULL, NULL, NULL, NULL, NULL, NULL, NULL, '2.00'),
(997, 285, 24, NULL, NULL, NULL, NULL, NULL, NULL, NULL, NULL, NULL, NULL, '2.00'),
(998, 285, 24, NULL, NULL, NULL, NULL, NULL, NULL, NULL, NULL, NULL, NULL, '2.00'),
(999, 285, 24, NULL, NULL, NULL, NULL, NULL, NULL, NULL, NULL, NULL, NULL, '2.00'),
(1000, 285, 24, NULL, NULL, NULL, NULL, NULL, NULL, NULL, NULL, NULL, NULL, '2.00'),
(1001, 285, 24, NULL, NULL, NULL, NULL, NULL, NULL, NULL, NULL, NULL, NULL, '2.00'),
(1002, 285, 25, NULL, NULL, NULL, NULL, NULL, NULL, NULL, NULL, NULL, NULL, '2.00'),
(1003, 285, 25, NULL, NULL, NULL, NULL, NULL, NULL, NULL, NULL, NULL, NULL, '2.00'),
(1004, 285, 25, NULL, NULL, NULL, NULL, NULL, NULL, NULL, NULL, NULL, NULL, '2.00'),
(1005, 285, 25, NULL, NULL, NULL, NULL, NULL, NULL, NULL, NULL, NULL, NULL, '2.00'),
(1006, 285, 25, NULL, NULL, NULL, NULL, NULL, NULL, NULL, NULL, NULL, NULL, '2.00'),
(1007, 285, 25, NULL, NULL, NULL, NULL, NULL, NULL, NULL, NULL, NULL, NULL, '2.00'),
(1008, 285, 25, NULL, NULL, NULL, NULL, NULL, NULL, NULL, NULL, NULL, NULL, '2.00'),
(1009, 285, 25, NULL, NULL, NULL, NULL, NULL, NULL, NULL, NULL, NULL, NULL, '2.00'),
(1010, 285, 25, NULL, NULL, NULL, NULL, NULL, NULL, NULL, NULL, NULL, NULL, '2.00'),
(1011, 285, 25, NULL, NULL, NULL, NULL, NULL, NULL, NULL, NULL, NULL, NULL, '2.00'),
(1012, 285, 25, NULL, NULL, NULL, NULL, NULL, NULL, NULL, NULL, NULL, NULL, '2.00'),
(1013, 285, 25, NULL, NULL, NULL, NULL, NULL, NULL, NULL, NULL, NULL, NULL, '2.00'),
(1014, 285, 25, NULL, NULL, NULL, NULL, NULL, NULL, NULL, NULL, NULL, NULL, '2.00'),
(1015, 285, 25, NULL, NULL, NULL, NULL, NULL, NULL, NULL, NULL, NULL, NULL, '2.00'),
(1016, 285, 25, NULL, NULL, NULL, NULL, NULL, NULL, NULL, NULL, NULL, NULL, '2.00'),
(1017, 285, 25, NULL, NULL, NULL, NULL, NULL, NULL, NULL, NULL, NULL, NULL, '2.00'),
(1018, 285, 25, NULL, NULL, NULL, NULL, NULL, NULL, NULL, NULL, NULL, NULL, '2.00'),
(1019, 285, 25, NULL, NULL, NULL, NULL, NULL, NULL, NULL, NULL, NULL, NULL, '2.00'),
(1020, 285, 25, NULL, NULL, NULL, NULL, NULL, NULL, NULL, NULL, NULL, NULL, '2.00'),
(1021, 285, 25, NULL, NULL, NULL, NULL, NULL, NULL, NULL, NULL, NULL, NULL, '2.00'),
(1022, 285, 25, NULL, NULL, NULL, NULL, NULL, NULL, NULL, NULL, NULL, NULL, '2.00'),
(1023, 285, 25, NULL, NULL, NULL, NULL, NULL, NULL, NULL, NULL, NULL, NULL, '2.00'),
(1024, 285, 25, NULL, NULL, NULL, NULL, NULL, NULL, NULL, NULL, NULL, NULL, '2.00'),
(1025, 285, 25, NULL, NULL, NULL, NULL, NULL, NULL, NULL, NULL, NULL, NULL, '2.00'),
(1026, 285, 25, NULL, NULL, NULL, NULL, NULL, NULL, NULL, NULL, NULL, NULL, '2.00'),
(1027, 285, 25, NULL, NULL, NULL, NULL, NULL, NULL, NULL, NULL, NULL, NULL, '2.00'),
(1028, 285, 25, NULL, NULL, NULL, NULL, NULL, NULL, NULL, NULL, NULL, NULL, '2.00'),
(1029, 285, 25, NULL, NULL, NULL, NULL, NULL, NULL, NULL, NULL, NULL, NULL, '2.00'),
(1030, 285, 25, NULL, NULL, NULL, NULL, NULL, NULL, NULL, NULL, NULL, NULL, '2.00'),
(1031, 285, 25, NULL, NULL, NULL, NULL, NULL, NULL, NULL, NULL, NULL, NULL, '2.00'),
(1032, 285, 25, NULL, NULL, NULL, NULL, NULL, NULL, NULL, NULL, NULL, NULL, '2.00'),
(1033, 285, 25, NULL, NULL, NULL, NULL, NULL, NULL, NULL, NULL, NULL, NULL, '2.00'),
(1034, 285, 25, NULL, NULL, NULL, NULL, NULL, NULL, NULL, NULL, NULL, NULL, '2.00'),
(1035, 285, 25, NULL, NULL, NULL, NULL, NULL, NULL, NULL, NULL, NULL, NULL, '2.00'),
(1036, 285, 25, NULL, NULL, NULL, NULL, NULL, NULL, NULL, NULL, NULL, NULL, '2.00'),
(1037, 285, 25, NULL, NULL, NULL, NULL, NULL, NULL, NULL, NULL, NULL, NULL, '2.00'),
(1038, 285, 25, NULL, NULL, NULL, NULL, NULL, NULL, NULL, NULL, NULL, NULL, '2.00'),
(1039, 285, 26, NULL, NULL, NULL, NULL, NULL, NULL, NULL, NULL, NULL, NULL, '1.50'),
(1040, 285, 26, NULL, NULL, NULL, NULL, NULL, NULL, NULL, NULL, NULL, NULL, '1.50'),
(1041, 285, 26, NULL, NULL, NULL, NULL, NULL, NULL, NULL, NULL, NULL, NULL, '1.50'),
(1042, 285, 26, NULL, NULL, NULL, NULL, NULL, NULL, NULL, NULL, NULL, NULL, '1.50'),
(1043, 285, 26, NULL, NULL, NULL, NULL, NULL, NULL, NULL, NULL, NULL, NULL, '1.50'),
(1044, 285, 26, NULL, NULL, NULL, NULL, NULL, NULL, NULL, NULL, NULL, NULL, '1.50'),
(1045, 285, 26, NULL, NULL, NULL, NULL, NULL, NULL, NULL, NULL, NULL, NULL, '1.50'),
(1046, 285, 26, NULL, NULL, NULL, NULL, NULL, NULL, NULL, NULL, NULL, NULL, '1.50'),
(1047, 285, 26, NULL, NULL, NULL, NULL, NULL, NULL, NULL, NULL, NULL, NULL, '1.50'),
(1048, 285, 26, NULL, NULL, NULL, NULL, NULL, NULL, NULL, NULL, NULL, NULL, '1.50'),
(1049, 285, 26, NULL, NULL, NULL, NULL, NULL, NULL, NULL, NULL, NULL, NULL, '1.50'),
(1050, 285, 26, NULL, NULL, NULL, NULL, NULL, NULL, NULL, NULL, NULL, NULL, '1.50'),
(1051, 285, 26, NULL, NULL, NULL, NULL, NULL, NULL, NULL, NULL, NULL, NULL, '1.50'),
(1052, 285, 26, NULL, NULL, NULL, NULL, NULL, NULL, NULL, NULL, NULL, NULL, '1.50'),
(1053, 285, 26, NULL, NULL, NULL, NULL, NULL, NULL, NULL, NULL, NULL, NULL, '1.50'),
(1054, 285, 26, NULL, NULL, NULL, NULL, NULL, NULL, NULL, NULL, NULL, NULL, '1.50'),
(1055, 285, 26, NULL, NULL, NULL, NULL, NULL, NULL, NULL, NULL, NULL, NULL, '1.50'),
(1056, 285, 26, NULL, NULL, NULL, NULL, NULL, NULL, NULL, NULL, NULL, NULL, '1.50'),
(1057, 285, 26, NULL, NULL, NULL, NULL, NULL, NULL, NULL, NULL, NULL, NULL, '1.50'),
(1058, 285, 27, NULL, NULL, NULL, NULL, NULL, NULL, NULL, NULL, NULL, NULL, '1.50'),
(1059, 285, 27, NULL, NULL, NULL, NULL, NULL, NULL, NULL, NULL, NULL, NULL, '1.50'),
(1060, 285, 27, NULL, NULL, NULL, NULL, NULL, NULL, NULL, NULL, NULL, NULL, '1.50'),
(1061, 285, 27, NULL, NULL, NULL, NULL, NULL, NULL, NULL, NULL, NULL, NULL, '1.50'),
(1062, 285, 27, NULL, NULL, NULL, NULL, NULL, NULL, NULL, NULL, NULL, NULL, '1.50'),
(1063, 285, 27, NULL, NULL, NULL, NULL, NULL, NULL, NULL, NULL, NULL, NULL, '1.50'),
(1064, 285, 27, NULL, NULL, NULL, NULL, NULL, NULL, NULL, NULL, NULL, NULL, '1.50'),
(1065, 285, 27, NULL, NULL, NULL, NULL, NULL, NULL, NULL, NULL, NULL, NULL, '1.50'),
(1066, 285, 27, NULL, NULL, NULL, NULL, NULL, NULL, NULL, NULL, NULL, NULL, '1.50'),
(1067, 285, 27, NULL, NULL, NULL, NULL, NULL, NULL, NULL, NULL, NULL, NULL, '1.50'),
(1068, 285, 27, NULL, NULL, NULL, NULL, NULL, NULL, NULL, NULL, NULL, NULL, '1.50'),
(1069, 285, 27, NULL, NULL, NULL, NULL, NULL, NULL, NULL, NULL, NULL, NULL, '1.50'),
(1070, 285, 27, NULL, NULL, NULL, NULL, NULL, NULL, NULL, NULL, NULL, NULL, '1.50'),
(1071, 285, 27, NULL, NULL, NULL, NULL, NULL, NULL, NULL, NULL, NULL, NULL, '1.50'),
(1072, 285, 27, NULL, NULL, NULL, NULL, NULL, NULL, NULL, NULL, NULL, NULL, '1.50'),
(1073, 285, 27, NULL, NULL, NULL, NULL, NULL, NULL, NULL, NULL, NULL, NULL, '1.50'),
(1074, 285, 27, NULL, NULL, NULL, NULL, NULL, NULL, NULL, NULL, NULL, NULL, '1.50'),
(1075, 285, 27, NULL, NULL, NULL, NULL, NULL, NULL, NULL, NULL, NULL, NULL, '1.50'),
(1076, 285, 27, NULL, NULL, NULL, NULL, NULL, NULL, NULL, NULL, NULL, NULL, '1.50'),
(1077, 285, 28, NULL, NULL, NULL, NULL, NULL, NULL, NULL, NULL, NULL, NULL, '1.50'),
(1078, 285, 28, NULL, NULL, NULL, NULL, NULL, NULL, NULL, NULL, NULL, NULL, '1.50'),
(1079, 285, 28, NULL, NULL, NULL, NULL, NULL, NULL, NULL, NULL, NULL, NULL, '1.50'),
(1080, 285, 28, NULL, NULL, NULL, NULL, NULL, NULL, NULL, NULL, NULL, NULL, '1.50'),
(1081, 285, 28, NULL, NULL, NULL, NULL, NULL, NULL, NULL, NULL, NULL, NULL, '1.50'),
(1082, 285, 28, NULL, NULL, NULL, NULL, NULL, NULL, NULL, NULL, NULL, NULL, '1.50'),
(1083, 285, 28, NULL, NULL, NULL, NULL, NULL, NULL, NULL, NULL, NULL, NULL, '1.50'),
(1084, 285, 28, NULL, NULL, NULL, NULL, NULL, NULL, NULL, NULL, NULL, NULL, '1.50'),
(1085, 285, 28, NULL, NULL, NULL, NULL, NULL, NULL, NULL, NULL, NULL, NULL, '1.50'),
(1086, 285, 28, NULL, NULL, NULL, NULL, NULL, NULL, NULL, NULL, NULL, NULL, '1.50'),
(1087, 285, 28, NULL, NULL, NULL, NULL, NULL, NULL, NULL, NULL, NULL, NULL, '1.50'),
(1088, 285, 28, NULL, NULL, NULL, NULL, NULL, NULL, NULL, NULL, NULL, NULL, '1.50'),
(1089, 285, 28, NULL, NULL, NULL, NULL, NULL, NULL, NULL, NULL, NULL, NULL, '1.50'),
(1090, 285, 28, NULL, NULL, NULL, NULL, NULL, NULL, NULL, NULL, NULL, NULL, '1.50'),
(1091, 285, 28, NULL, NULL, NULL, NULL, NULL, NULL, NULL, NULL, NULL, NULL, '1.50'),
(1092, 285, 28, NULL, NULL, NULL, NULL, NULL, NULL, NULL, NULL, NULL, NULL, '1.50'),
(1093, 285, 28, NULL, NULL, NULL, NULL, NULL, NULL, NULL, NULL, NULL, NULL, '1.50'),
(1094, 285, 28, NULL, NULL, NULL, NULL, NULL, NULL, NULL, NULL, NULL, NULL, '1.50'),
(1095, 285, 28, NULL, NULL, NULL, NULL, NULL, NULL, NULL, NULL, NULL, NULL, '1.50'),
(1096, 285, 28, NULL, NULL, NULL, NULL, NULL, NULL, NULL, NULL, NULL, NULL, '1.50'),
(1097, 285, 28, NULL, NULL, NULL, NULL, NULL, NULL, NULL, NULL, NULL, NULL, '1.50'),
(1098, 285, 28, NULL, NULL, NULL, NULL, NULL, NULL, NULL, NULL, NULL, NULL, '1.50'),
(1099, 285, 28, NULL, NULL, NULL, NULL, NULL, NULL, NULL, NULL, NULL, NULL, '1.50'),
(1100, 285, 28, NULL, NULL, NULL, NULL, NULL, NULL, NULL, NULL, NULL, NULL, '1.50'),
(1101, 285, 28, NULL, NULL, NULL, NULL, NULL, NULL, NULL, NULL, NULL, NULL, '1.50'),
(1102, 285, 28, NULL, NULL, NULL, NULL, NULL, NULL, NULL, NULL, NULL, NULL, '1.50'),
(1103, 285, 29, NULL, NULL, NULL, NULL, NULL, NULL, NULL, NULL, NULL, NULL, '0.80'),
(1104, 285, 29, NULL, NULL, NULL, NULL, NULL, NULL, NULL, NULL, NULL, NULL, '0.80'),
(1105, 285, 29, NULL, NULL, NULL, NULL, NULL, NULL, NULL, NULL, NULL, NULL, '0.80'),
(1106, 285, 29, NULL, NULL, NULL, NULL, NULL, NULL, NULL, NULL, NULL, NULL, '0.80'),
(1107, 285, 29, NULL, NULL, NULL, NULL, NULL, NULL, NULL, NULL, NULL, NULL, '0.80'),
(1108, 285, 29, NULL, NULL, NULL, NULL, NULL, NULL, NULL, NULL, NULL, NULL, '0.80'),
(1109, 285, 29, NULL, NULL, NULL, NULL, NULL, NULL, NULL, NULL, NULL, NULL, '0.80'),
(1110, 285, 29, NULL, NULL, NULL, NULL, NULL, NULL, NULL, NULL, NULL, NULL, '0.80'),
(1111, 285, 29, NULL, NULL, NULL, NULL, NULL, NULL, NULL, NULL, NULL, NULL, '0.80'),
(1112, 285, 29, NULL, NULL, NULL, NULL, NULL, NULL, NULL, NULL, NULL, NULL, '0.80'),
(1113, 285, 29, NULL, NULL, NULL, NULL, NULL, NULL, NULL, NULL, NULL, NULL, '0.80'),
(1114, 285, 29, NULL, NULL, NULL, NULL, NULL, NULL, NULL, NULL, NULL, NULL, '0.80'),
(1115, 285, 29, NULL, NULL, NULL, NULL, NULL, NULL, NULL, NULL, NULL, NULL, '0.80'),
(1116, 285, 29, NULL, NULL, NULL, NULL, NULL, NULL, NULL, NULL, NULL, NULL, '0.80'),
(1117, 285, 29, NULL, NULL, NULL, NULL, NULL, NULL, NULL, NULL, NULL, NULL, '0.80'),
(1118, 285, 29, NULL, NULL, NULL, NULL, NULL, NULL, NULL, NULL, NULL, NULL, '0.80'),
(1119, 285, 29, NULL, NULL, NULL, NULL, NULL, NULL, NULL, NULL, NULL, NULL, '0.80'),
(1120, 285, 29, NULL, NULL, NULL, NULL, NULL, NULL, NULL, NULL, NULL, NULL, '0.80'),
(1121, 285, 29, NULL, NULL, NULL, NULL, NULL, NULL, NULL, NULL, NULL, NULL, '0.80'),
(1122, 285, 29, NULL, NULL, NULL, NULL, NULL, NULL, NULL, NULL, NULL, NULL, '0.80'),
(1123, 285, 29, NULL, NULL, NULL, NULL, NULL, NULL, NULL, NULL, NULL, NULL, '0.80'),
(1124, 285, 30, NULL, NULL, NULL, NULL, NULL, NULL, NULL, NULL, NULL, NULL, '0.80'),
(1125, 285, 30, NULL, NULL, NULL, NULL, NULL, NULL, NULL, NULL, NULL, NULL, '0.80'),
(1126, 285, 30, NULL, NULL, NULL, NULL, NULL, NULL, NULL, NULL, NULL, NULL, '0.80'),
(1127, 285, 30, NULL, NULL, NULL, NULL, NULL, NULL, NULL, NULL, NULL, NULL, '0.80'),
(1128, 285, 30, NULL, NULL, NULL, NULL, NULL, NULL, NULL, NULL, NULL, NULL, '0.80'),
(1129, 285, 30, NULL, NULL, NULL, NULL, NULL, NULL, NULL, NULL, NULL, NULL, '0.80'),
(1130, 285, 30, NULL, NULL, NULL, NULL, NULL, NULL, NULL, NULL, NULL, NULL, '0.80'),
(1131, 285, 30, NULL, NULL, NULL, NULL, NULL, NULL, NULL, NULL, NULL, NULL, '0.80'),
(1132, 285, 30, NULL, NULL, NULL, NULL, NULL, NULL, NULL, NULL, NULL, NULL, '0.80'),
(1133, 285, 30, NULL, NULL, NULL, NULL, NULL, NULL, NULL, NULL, NULL, NULL, '0.80'),
(1134, 285, 30, NULL, NULL, NULL, NULL, NULL, NULL, NULL, NULL, NULL, NULL, '0.80'),
(1135, 285, 30, NULL, NULL, NULL, NULL, NULL, NULL, NULL, NULL, NULL, NULL, '0.80'),
(1136, 285, 30, NULL, NULL, NULL, NULL, NULL, NULL, NULL, NULL, NULL, NULL, '0.80'),
(1137, 285, 30, NULL, NULL, NULL, NULL, NULL, NULL, NULL, NULL, NULL, NULL, '0.80'),
(1138, 285, 30, NULL, NULL, NULL, NULL, NULL, NULL, NULL, NULL, NULL, NULL, '0.80'),
(1139, 285, 30, NULL, NULL, NULL, NULL, NULL, NULL, NULL, NULL, NULL, NULL, '0.80'),
(1140, 285, 30, NULL, NULL, NULL, NULL, NULL, NULL, NULL, NULL, NULL, NULL, '0.80'),
(1141, 285, 30, NULL, NULL, NULL, NULL, NULL, NULL, NULL, NULL, NULL, NULL, '0.80'),
(1142, 285, 30, NULL, NULL, NULL, NULL, NULL, NULL, NULL, NULL, NULL, NULL, '0.80'),
(1143, 285, 30, NULL, NULL, NULL, NULL, NULL, NULL, NULL, NULL, NULL, NULL, '0.80'),
(1144, 285, 30, NULL, NULL, NULL, NULL, NULL, NULL, NULL, NULL, NULL, NULL, '0.80'),
(1145, 285, 30, NULL, NULL, NULL, NULL, NULL, NULL, NULL, NULL, NULL, NULL, '0.80'),
(1146, 286, 12, 'Medium', NULL, NULL, NULL, NULL, NULL, NULL, NULL, NULL, NULL, '2.00'),
(1147, 286, 1, NULL, NULL, NULL, NULL, NULL, NULL, NULL, NULL, NULL, NULL, '1.50'),
(1148, 286, 1, NULL, NULL, NULL, NULL, NULL, NULL, NULL, NULL, NULL, NULL, '1.50'),
(1149, 286, 1, NULL, NULL, NULL, NULL, NULL, NULL, NULL, NULL, NULL, NULL, '1.50'),
(1150, 286, 1, NULL, NULL, NULL, NULL, NULL, NULL, NULL, NULL, NULL, NULL, '1.50'),
(1151, 286, 1, NULL, NULL, NULL, NULL, NULL, NULL, NULL, NULL, NULL, NULL, '1.50'),
(1152, 286, 1, NULL, NULL, NULL, NULL, NULL, NULL, NULL, NULL, NULL, NULL, '1.50'),
(1153, 286, 1, NULL, NULL, NULL, NULL, NULL, NULL, NULL, NULL, NULL, NULL, '1.50'),
(1154, 286, 1, NULL, NULL, NULL, NULL, NULL, NULL, NULL, NULL, NULL, NULL, '1.50'),
(1155, 286, 1, NULL, NULL, NULL, NULL, NULL, NULL, NULL, NULL, NULL, NULL, '1.50'),
(1156, 286, 1, NULL, NULL, NULL, NULL, NULL, NULL, NULL, NULL, NULL, NULL, '1.50'),
(1157, 286, 1, NULL, NULL, NULL, NULL, NULL, NULL, NULL, NULL, NULL, NULL, '1.50'),
(1158, 286, 1, NULL, NULL, NULL, NULL, NULL, NULL, NULL, NULL, NULL, NULL, '1.50'),
(1159, 286, 1, NULL, NULL, NULL, NULL, NULL, NULL, NULL, NULL, NULL, NULL, '1.50'),
(1160, 286, 1, NULL, NULL, NULL, NULL, NULL, NULL, NULL, NULL, NULL, NULL, '1.50'),
(1161, 286, 1, NULL, NULL, NULL, NULL, NULL, NULL, NULL, NULL, NULL, NULL, '1.50'),
(1162, 286, 1, NULL, NULL, NULL, NULL, NULL, NULL, NULL, NULL, NULL, NULL, '1.50'),
(1163, 286, 1, NULL, NULL, NULL, NULL, NULL, NULL, NULL, NULL, NULL, NULL, '1.50'),
(1164, 286, 1, NULL, NULL, NULL, NULL, NULL, NULL, NULL, NULL, NULL, NULL, '1.50'),
(1165, 286, 1, NULL, NULL, NULL, NULL, NULL, NULL, NULL, NULL, NULL, NULL, '1.50'),
(1166, 286, 1, NULL, NULL, NULL, NULL, NULL, NULL, NULL, NULL, NULL, NULL, '1.50'),
(1167, 286, 1, NULL, NULL, NULL, NULL, NULL, NULL, NULL, NULL, NULL, NULL, '1.50'),
(1168, 286, 1, NULL, NULL, NULL, NULL, NULL, NULL, NULL, NULL, NULL, NULL, '1.50'),
(1169, 286, 2, NULL, NULL, NULL, NULL, NULL, NULL, NULL, NULL, NULL, NULL, '2.10'),
(1170, 286, 2, NULL, NULL, NULL, NULL, NULL, NULL, NULL, NULL, NULL, NULL, '2.10'),
(1171, 286, 2, NULL, NULL, NULL, NULL, NULL, NULL, NULL, NULL, NULL, NULL, '2.10'),
(1172, 286, 2, NULL, NULL, NULL, NULL, NULL, NULL, NULL, NULL, NULL, NULL, '2.10'),
(1173, 286, 2, NULL, NULL, NULL, NULL, NULL, NULL, NULL, NULL, NULL, NULL, '2.10'),
(1174, 286, 2, NULL, NULL, NULL, NULL, NULL, NULL, NULL, NULL, NULL, NULL, '2.10'),
(1175, 286, 2, NULL, NULL, NULL, NULL, NULL, NULL, NULL, NULL, NULL, NULL, '2.10'),
(1176, 286, 2, NULL, NULL, NULL, NULL, NULL, NULL, NULL, NULL, NULL, NULL, '2.10'),
(1177, 286, 2, NULL, NULL, NULL, NULL, NULL, NULL, NULL, NULL, NULL, NULL, '2.10'),
(1178, 286, 2, NULL, NULL, NULL, NULL, NULL, NULL, NULL, NULL, NULL, NULL, '2.10'),
(1179, 286, 2, NULL, NULL, NULL, NULL, NULL, NULL, NULL, NULL, NULL, NULL, '2.10'),
(1180, 286, 2, NULL, NULL, NULL, NULL, NULL, NULL, NULL, NULL, NULL, NULL, '2.10'),
(1181, 286, 2, NULL, NULL, NULL, NULL, NULL, NULL, NULL, NULL, NULL, NULL, '2.10'),
(1182, 286, 2, NULL, NULL, NULL, NULL, NULL, NULL, NULL, NULL, NULL, NULL, '2.10'),
(1183, 286, 2, NULL, NULL, NULL, NULL, NULL, NULL, NULL, NULL, NULL, NULL, '2.10'),
(1184, 286, 3, NULL, NULL, NULL, NULL, NULL, NULL, NULL, NULL, NULL, NULL, '2.10'),
(1185, 286, 3, NULL, NULL, NULL, NULL, NULL, NULL, NULL, NULL, NULL, NULL, '2.10'),
(1186, 286, 3, NULL, NULL, NULL, NULL, NULL, NULL, NULL, NULL, NULL, NULL, '2.10'),
(1187, 286, 3, NULL, NULL, NULL, NULL, NULL, NULL, NULL, NULL, NULL, NULL, '2.10'),
(1188, 286, 3, NULL, NULL, NULL, NULL, NULL, NULL, NULL, NULL, NULL, NULL, '2.10'),
(1189, 286, 3, NULL, NULL, NULL, NULL, NULL, NULL, NULL, NULL, NULL, NULL, '2.10'),
(1190, 286, 3, NULL, NULL, NULL, NULL, NULL, NULL, NULL, NULL, NULL, NULL, '2.10'),
(1191, 286, 3, NULL, NULL, NULL, NULL, NULL, NULL, NULL, NULL, NULL, NULL, '2.10'),
(1192, 286, 3, NULL, NULL, NULL, NULL, NULL, NULL, NULL, NULL, NULL, NULL, '2.10'),
(1193, 286, 3, NULL, NULL, NULL, NULL, NULL, NULL, NULL, NULL, NULL, NULL, '2.10'),
(1194, 286, 4, NULL, NULL, NULL, NULL, NULL, NULL, NULL, NULL, NULL, NULL, '2.20'),
(1195, 286, 4, NULL, NULL, NULL, NULL, NULL, NULL, NULL, NULL, NULL, NULL, '2.20'),
(1196, 286, 4, NULL, NULL, NULL, NULL, NULL, NULL, NULL, NULL, NULL, NULL, '2.20'),
(1197, 286, 4, NULL, NULL, NULL, NULL, NULL, NULL, NULL, NULL, NULL, NULL, '2.20'),
(1198, 286, 4, NULL, NULL, NULL, NULL, NULL, NULL, NULL, NULL, NULL, NULL, '2.20'),
(1199, 286, 4, NULL, NULL, NULL, NULL, NULL, NULL, NULL, NULL, NULL, NULL, '2.20'),
(1200, 286, 4, NULL, NULL, NULL, NULL, NULL, NULL, NULL, NULL, NULL, NULL, '2.20'),
(1201, 286, 4, NULL, NULL, NULL, NULL, NULL, NULL, NULL, NULL, NULL, NULL, '2.20'),
(1202, 286, 4, NULL, NULL, NULL, NULL, NULL, NULL, NULL, NULL, NULL, NULL, '2.20'),
(1203, 286, 4, NULL, NULL, NULL, NULL, NULL, NULL, NULL, NULL, NULL, NULL, '2.20'),
(1204, 286, 4, NULL, NULL, NULL, NULL, NULL, NULL, NULL, NULL, NULL, NULL, '2.20'),
(1205, 286, 4, NULL, NULL, NULL, NULL, NULL, NULL, NULL, NULL, NULL, NULL, '2.20'),
(1206, 286, 4, NULL, NULL, NULL, NULL, NULL, NULL, NULL, NULL, NULL, NULL, '2.20'),
(1207, 286, 4, NULL, NULL, NULL, NULL, NULL, NULL, NULL, NULL, NULL, NULL, '2.20'),
(1208, 286, 5, NULL, NULL, NULL, NULL, NULL, NULL, NULL, NULL, NULL, NULL, '2.20'),
(1209, 286, 5, NULL, NULL, NULL, NULL, NULL, NULL, NULL, NULL, NULL, NULL, '2.20'),
(1210, 286, 5, NULL, NULL, NULL, NULL, NULL, NULL, NULL, NULL, NULL, NULL, '2.20'),
(1211, 286, 5, NULL, NULL, NULL, NULL, NULL, NULL, NULL, NULL, NULL, NULL, '2.20'),
(1212, 286, 5, NULL, NULL, NULL, NULL, NULL, NULL, NULL, NULL, NULL, NULL, '2.20'),
(1213, 286, 5, NULL, NULL, NULL, NULL, NULL, NULL, NULL, NULL, NULL, NULL, '2.20'),
(1214, 286, 6, NULL, NULL, NULL, NULL, NULL, NULL, NULL, NULL, NULL, NULL, '2.10'),
(1215, 286, 6, NULL, NULL, NULL, NULL, NULL, NULL, NULL, NULL, NULL, NULL, '2.10'),
(1216, 286, 6, NULL, NULL, NULL, NULL, NULL, NULL, NULL, NULL, NULL, NULL, '2.10'),
(1217, 286, 6, NULL, NULL, NULL, NULL, NULL, NULL, NULL, NULL, NULL, NULL, '2.10'),
(1218, 286, 6, NULL, NULL, NULL, NULL, NULL, NULL, NULL, NULL, NULL, NULL, '2.10'),
(1219, 286, 6, NULL, NULL, NULL, NULL, NULL, NULL, NULL, NULL, NULL, NULL, '2.10'),
(1220, 286, 6, NULL, NULL, NULL, NULL, NULL, NULL, NULL, NULL, NULL, NULL, '2.10'),
(1221, 286, 6, NULL, NULL, NULL, NULL, NULL, NULL, NULL, NULL, NULL, NULL, '2.10'),
(1222, 286, 6, NULL, NULL, NULL, NULL, NULL, NULL, NULL, NULL, NULL, NULL, '2.10'),
(1223, 286, 7, NULL, NULL, NULL, NULL, NULL, NULL, NULL, NULL, NULL, NULL, '2.10'),
(1224, 286, 7, NULL, NULL, NULL, NULL, NULL, NULL, NULL, NULL, NULL, NULL, '2.10'),
(1225, 286, 7, NULL, NULL, NULL, NULL, NULL, NULL, NULL, NULL, NULL, NULL, '2.10'),
(1226, 286, 7, NULL, NULL, NULL, NULL, NULL, NULL, NULL, NULL, NULL, NULL, '2.10'),
(1227, 286, 7, NULL, NULL, NULL, NULL, NULL, NULL, NULL, NULL, NULL, NULL, '2.10'),
(1228, 286, 7, NULL, NULL, NULL, NULL, NULL, NULL, NULL, NULL, NULL, NULL, '2.10'),
(1229, 286, 7, NULL, NULL, NULL, NULL, NULL, NULL, NULL, NULL, NULL, NULL, '2.10'),
(1230, 286, 7, NULL, NULL, NULL, NULL, NULL, NULL, NULL, NULL, NULL, NULL, '2.10'),
(1231, 286, 7, NULL, NULL, NULL, NULL, NULL, NULL, NULL, NULL, NULL, NULL, '2.10'),
(1232, 286, 8, NULL, NULL, NULL, NULL, NULL, NULL, NULL, NULL, NULL, NULL, '1.85'),
(1233, 286, 8, NULL, NULL, NULL, NULL, NULL, NULL, NULL, NULL, NULL, NULL, '1.85'),
(1234, 286, 8, NULL, NULL, NULL, NULL, NULL, NULL, NULL, NULL, NULL, NULL, '1.85'),
(1235, 286, 8, NULL, NULL, NULL, NULL, NULL, NULL, NULL, NULL, NULL, NULL, '1.85'),
(1236, 286, 8, NULL, NULL, NULL, NULL, NULL, NULL, NULL, NULL, NULL, NULL, '1.85'),
(1237, 286, 8, NULL, NULL, NULL, NULL, NULL, NULL, NULL, NULL, NULL, NULL, '1.85'),
(1238, 286, 9, NULL, NULL, NULL, NULL, NULL, NULL, NULL, NULL, NULL, NULL, '1.85'),
(1239, 286, 9, NULL, NULL, NULL, NULL, NULL, NULL, NULL, NULL, NULL, NULL, '1.85'),
(1240, 286, 9, NULL, NULL, NULL, NULL, NULL, NULL, NULL, NULL, NULL, NULL, '1.85'),
(1241, 286, 9, NULL, NULL, NULL, NULL, NULL, NULL, NULL, NULL, NULL, NULL, '1.85'),
(1242, 286, 10, NULL, NULL, NULL, NULL, NULL, NULL, NULL, NULL, NULL, NULL, '1.70'),
(1243, 286, 10, NULL, NULL, NULL, NULL, NULL, NULL, NULL, NULL, NULL, NULL, '1.70'),
(1244, 286, 10, NULL, NULL, NULL, NULL, NULL, NULL, NULL, NULL, NULL, NULL, '1.70'),
(1245, 286, 10, NULL, NULL, NULL, NULL, NULL, NULL, NULL, NULL, NULL, NULL, '1.70'),
(1246, 286, 10, NULL, NULL, NULL, NULL, NULL, NULL, NULL, NULL, NULL, NULL, '1.70'),
(1247, 286, 10, NULL, NULL, NULL, NULL, NULL, NULL, NULL, NULL, NULL, NULL, '1.70'),
(1248, 286, 10, NULL, NULL, NULL, NULL, NULL, NULL, NULL, NULL, NULL, NULL, '1.70'),
(1249, 286, 10, NULL, NULL, NULL, NULL, NULL, NULL, NULL, NULL, NULL, NULL, '1.70'),
(1250, 286, 10, NULL, NULL, NULL, NULL, NULL, NULL, NULL, NULL, NULL, NULL, '1.70'),
(1251, 286, 10, NULL, NULL, NULL, NULL, NULL, NULL, NULL, NULL, NULL, NULL, '1.70'),
(1252, 286, 10, NULL, NULL, NULL, NULL, NULL, NULL, NULL, NULL, NULL, NULL, '1.70'),
(1253, 286, 11, NULL, NULL, NULL, NULL, NULL, NULL, NULL, NULL, NULL, NULL, '1.80'),
(1254, 286, 11, NULL, NULL, NULL, NULL, NULL, NULL, NULL, NULL, NULL, NULL, '1.80'),
(1255, 286, 11, NULL, NULL, NULL, NULL, NULL, NULL, NULL, NULL, NULL, NULL, '1.80'),
(1256, 286, 11, NULL, NULL, NULL, NULL, NULL, NULL, NULL, NULL, NULL, NULL, '1.80'),
(1257, 286, 11, NULL, NULL, NULL, NULL, NULL, NULL, NULL, NULL, NULL, NULL, '1.80'),
(1258, 286, 11, NULL, NULL, NULL, NULL, NULL, NULL, NULL, NULL, NULL, NULL, '1.80'),
(1259, 286, 11, NULL, NULL, NULL, NULL, NULL, NULL, NULL, NULL, NULL, NULL, '1.80'),
(1260, 286, 11, NULL, NULL, NULL, NULL, NULL, NULL, NULL, NULL, NULL, NULL, '1.80'),
(1261, 286, 11, NULL, NULL, NULL, NULL, NULL, NULL, NULL, NULL, NULL, NULL, '1.80'),
(1262, 286, 11, NULL, NULL, NULL, NULL, NULL, NULL, NULL, NULL, NULL, NULL, '1.80'),
(1263, 286, 11, NULL, NULL, NULL, NULL, NULL, NULL, NULL, NULL, NULL, NULL, '1.80'),
(1264, 286, 11, NULL, NULL, NULL, NULL, NULL, NULL, NULL, NULL, NULL, NULL, '1.80'),
(1265, 286, 11, NULL, NULL, NULL, NULL, NULL, NULL, NULL, NULL, NULL, NULL, '1.80'),
(1266, 286, 11, NULL, NULL, NULL, NULL, NULL, NULL, NULL, NULL, NULL, NULL, '1.80'),
(1267, 286, 12, NULL, NULL, NULL, NULL, NULL, NULL, NULL, NULL, NULL, NULL, '1.80'),
(1268, 286, 12, NULL, NULL, NULL, NULL, NULL, NULL, NULL, NULL, NULL, NULL, '1.80'),
(1269, 286, 12, NULL, NULL, NULL, NULL, NULL, NULL, NULL, NULL, NULL, NULL, '1.80'),
(1270, 286, 12, NULL, NULL, NULL, NULL, NULL, NULL, NULL, NULL, NULL, NULL, '1.80'),
(1271, 286, 12, NULL, NULL, NULL, NULL, NULL, NULL, NULL, NULL, NULL, NULL, '1.80'),
(1272, 286, 12, NULL, NULL, NULL, NULL, NULL, NULL, NULL, NULL, NULL, NULL, '1.80'),
(1273, 286, 12, NULL, NULL, NULL, NULL, NULL, NULL, NULL, NULL, NULL, NULL, '1.80'),
(1274, 286, 12, NULL, NULL, NULL, NULL, NULL, NULL, NULL, NULL, NULL, NULL, '1.80'),
(1275, 286, 12, NULL, NULL, NULL, NULL, NULL, NULL, NULL, NULL, NULL, NULL, '1.80'),
(1276, 286, 12, NULL, NULL, NULL, NULL, NULL, NULL, NULL, NULL, NULL, NULL, '1.80'),
(1277, 286, 12, NULL, NULL, NULL, NULL, NULL, NULL, NULL, NULL, NULL, NULL, '1.80'),
(1278, 286, 12, NULL, NULL, NULL, NULL, NULL, NULL, NULL, NULL, NULL, NULL, '1.80'),
(1279, 286, 12, NULL, NULL, NULL, NULL, NULL, NULL, NULL, NULL, NULL, NULL, '1.80'),
(1280, 286, 12, NULL, NULL, NULL, NULL, NULL, NULL, NULL, NULL, NULL, NULL, '1.80'),
(1281, 286, 12, NULL, NULL, NULL, NULL, NULL, NULL, NULL, NULL, NULL, NULL, '1.80'),
(1282, 286, 12, NULL, NULL, NULL, NULL, NULL, NULL, NULL, NULL, NULL, NULL, '1.80'),
(1283, 286, 14, NULL, NULL, NULL, NULL, NULL, NULL, NULL, NULL, NULL, NULL, '1.80'),
(1284, 286, 14, NULL, NULL, NULL, NULL, NULL, NULL, NULL, NULL, NULL, NULL, '1.80'),
(1285, 286, 14, NULL, NULL, NULL, NULL, NULL, NULL, NULL, NULL, NULL, NULL, '1.80'),
(1286, 286, 14, NULL, NULL, NULL, NULL, NULL, NULL, NULL, NULL, NULL, NULL, '1.80'),
(1287, 286, 14, NULL, NULL, NULL, NULL, NULL, NULL, NULL, NULL, NULL, NULL, '1.80'),
(1288, 286, 14, NULL, NULL, NULL, NULL, NULL, NULL, NULL, NULL, NULL, NULL, '1.80'),
(1289, 286, 15, NULL, NULL, NULL, NULL, NULL, NULL, NULL, NULL, NULL, NULL, '1.80'),
(1290, 286, 16, NULL, NULL, NULL, NULL, NULL, NULL, NULL, NULL, NULL, NULL, '0.80'),
(1291, 286, 16, NULL, NULL, NULL, NULL, NULL, NULL, NULL, NULL, NULL, NULL, '0.80'),
(1292, 286, 16, NULL, NULL, NULL, NULL, NULL, NULL, NULL, NULL, NULL, NULL, '0.80'),
(1293, 286, 16, NULL, NULL, NULL, NULL, NULL, NULL, NULL, NULL, NULL, NULL, '0.80'),
(1294, 286, 16, NULL, NULL, NULL, NULL, NULL, NULL, NULL, NULL, NULL, NULL, '0.80'),
(1295, 286, 16, NULL, NULL, NULL, NULL, NULL, NULL, NULL, NULL, NULL, NULL, '0.80'),
(1296, 286, 17, NULL, NULL, NULL, NULL, NULL, NULL, NULL, NULL, NULL, NULL, '0.80'),
(1297, 286, 17, NULL, NULL, NULL, NULL, NULL, NULL, NULL, NULL, NULL, NULL, '0.80'),
(1298, 286, 17, NULL, NULL, NULL, NULL, NULL, NULL, NULL, NULL, NULL, NULL, '0.80'),
(1299, 286, 17, NULL, NULL, NULL, NULL, NULL, NULL, NULL, NULL, NULL, NULL, '0.80'),
(1300, 286, 17, NULL, NULL, NULL, NULL, NULL, NULL, NULL, NULL, NULL, NULL, '0.80'),
(1301, 286, 18, NULL, NULL, NULL, NULL, NULL, NULL, NULL, NULL, NULL, NULL, '0.80'),
(1302, 286, 18, NULL, NULL, NULL, NULL, NULL, NULL, NULL, NULL, NULL, NULL, '0.80'),
(1303, 286, 19, NULL, NULL, NULL, NULL, NULL, NULL, NULL, NULL, NULL, NULL, '0.80'),
(1304, 286, 19, NULL, NULL, NULL, NULL, NULL, NULL, NULL, NULL, NULL, NULL, '0.80'),
(1305, 286, 19, NULL, NULL, NULL, NULL, NULL, NULL, NULL, NULL, NULL, NULL, '0.80'),
(1306, 286, 19, NULL, NULL, NULL, NULL, NULL, NULL, NULL, NULL, NULL, NULL, '0.80'),
(1307, 286, 20, NULL, NULL, NULL, NULL, NULL, NULL, NULL, NULL, NULL, NULL, '0.80'),
(1308, 286, 20, NULL, NULL, NULL, NULL, NULL, NULL, NULL, NULL, NULL, NULL, '0.80'),
(1309, 286, 20, NULL, NULL, NULL, NULL, NULL, NULL, NULL, NULL, NULL, NULL, '0.80'),
(1310, 286, 20, NULL, NULL, NULL, NULL, NULL, NULL, NULL, NULL, NULL, NULL, '0.80'),
(1311, 286, 21, NULL, NULL, NULL, NULL, NULL, NULL, NULL, NULL, NULL, NULL, '0.65'),
(1312, 286, 21, NULL, NULL, NULL, NULL, NULL, NULL, NULL, NULL, NULL, NULL, '0.65'),
(1313, 286, 21, NULL, NULL, NULL, NULL, NULL, NULL, NULL, NULL, NULL, NULL, '0.65'),
(1314, 286, 21, NULL, NULL, NULL, NULL, NULL, NULL, NULL, NULL, NULL, NULL, '0.65'),
(1315, 286, 22, NULL, NULL, NULL, NULL, NULL, NULL, NULL, NULL, NULL, NULL, '0.60'),
(1316, 286, 22, NULL, NULL, NULL, NULL, NULL, NULL, NULL, NULL, NULL, NULL, '0.60'),
(1317, 286, 23, NULL, NULL, NULL, NULL, NULL, NULL, NULL, NULL, NULL, NULL, '0.50'),
(1318, 286, 23, NULL, NULL, NULL, NULL, NULL, NULL, NULL, NULL, NULL, NULL, '0.50'),
(1319, 286, 23, NULL, NULL, NULL, NULL, NULL, NULL, NULL, NULL, NULL, NULL, '0.50'),
(1320, 286, 24, NULL, NULL, NULL, NULL, NULL, NULL, NULL, NULL, NULL, NULL, '2.00'),
(1321, 286, 24, NULL, NULL, NULL, NULL, NULL, NULL, NULL, NULL, NULL, NULL, '2.00'),
(1322, 286, 24, NULL, NULL, NULL, NULL, NULL, NULL, NULL, NULL, NULL, NULL, '2.00'),
(1323, 286, 24, NULL, NULL, NULL, NULL, NULL, NULL, NULL, NULL, NULL, NULL, '2.00'),
(1324, 286, 24, NULL, NULL, NULL, NULL, NULL, NULL, NULL, NULL, NULL, NULL, '2.00'),
(1325, 286, 24, NULL, NULL, NULL, NULL, NULL, NULL, NULL, NULL, NULL, NULL, '2.00'),
(1326, 286, 24, NULL, NULL, NULL, NULL, NULL, NULL, NULL, NULL, NULL, NULL, '2.00'),
(1327, 286, 24, NULL, NULL, NULL, NULL, NULL, NULL, NULL, NULL, NULL, NULL, '2.00'),
(1328, 286, 25, NULL, NULL, NULL, NULL, NULL, NULL, NULL, NULL, NULL, NULL, '2.00'),
(1329, 286, 25, NULL, NULL, NULL, NULL, NULL, NULL, NULL, NULL, NULL, NULL, '2.00'),
(1330, 286, 25, NULL, NULL, NULL, NULL, NULL, NULL, NULL, NULL, NULL, NULL, '2.00'),
(1331, 286, 25, NULL, NULL, NULL, NULL, NULL, NULL, NULL, NULL, NULL, NULL, '2.00'),
(1332, 286, 25, NULL, NULL, NULL, NULL, NULL, NULL, NULL, NULL, NULL, NULL, '2.00'),
(1333, 286, 25, NULL, NULL, NULL, NULL, NULL, NULL, NULL, NULL, NULL, NULL, '2.00'),
(1334, 286, 25, NULL, NULL, NULL, NULL, NULL, NULL, NULL, NULL, NULL, NULL, '2.00'),
(1335, 286, 25, NULL, NULL, NULL, NULL, NULL, NULL, NULL, NULL, NULL, NULL, '2.00'),
(1336, 286, 25, NULL, NULL, NULL, NULL, NULL, NULL, NULL, NULL, NULL, NULL, '2.00'),
(1337, 286, 25, NULL, NULL, NULL, NULL, NULL, NULL, NULL, NULL, NULL, NULL, '2.00'),
(1338, 286, 28, NULL, NULL, NULL, NULL, NULL, NULL, NULL, NULL, NULL, NULL, '1.50'),
(1339, 286, 28, NULL, NULL, NULL, NULL, NULL, NULL, NULL, NULL, NULL, NULL, '1.50'),
(1340, 286, 29, NULL, NULL, NULL, NULL, NULL, NULL, NULL, NULL, NULL, NULL, '0.80');

-- --------------------------------------------------------

--
-- Table structure for table `products`
--

CREATE TABLE `cp_products` (
  `id` int(10) UNSIGNED NOT NULL,
  `cat_id` int(10) UNSIGNED NOT NULL,
  `name` varchar(40) NOT NULL,
  `price` decimal(4,2) NOT NULL,
  `type_id` int(10) UNSIGNED NOT NULL
) ENGINE=InnoDB DEFAULT CHARSET=latin1;

--
-- Dumping data for table `products`
--

INSERT INTO `cp_products` (`id`, `cat_id`, `name`, `price`, `type_id`) VALUES
(1, 1, 'Brewed Coffee', '1.50', 1),
(2, 1, 'Latte', '2.10', 2),
(3, 2, 'Iced Latte', '2.10', 17),
(4, 1, 'Mocha', '2.20', 3),
(5, 2, 'Iced Mocha', '2.20', 17),
(6, 1, 'Cappuccino ', '2.10', 4),
(7, 2, 'Iced Cappucino', '2.10', 17),
(8, 1, 'Americano', '1.85', 5),
(9, 2, 'Iced Americano', '1.85', 17),
(10, 1, 'Espresso', '1.70', 6),
(11, 1, 'English Breakfast Tea', '1.80', 7),
(12, 1, 'Earl Grey Tea', '1.80', 7),
(13, 1, 'Chai Tea', '1.80', 7),
(14, 1, 'Herbal Tea', '1.80', 7),
(15, 1, 'Hot Chocolate', '1.80', 8),
(16, 2, 'Coca Cola', '0.80', 9),
(17, 2, 'Pepsi', '0.80', 9),
(18, 2, 'Sprite', '0.80', 9),
(19, 2, 'Orange Juice', '0.80', 10),
(20, 2, 'Water', '0.80', 10),
(21, 3, 'Mars Bar', '0.65', 11),
(22, 3, 'Ginger Biscuits', '0.60', 12),
(23, 3, 'Raisins', '0.50', 13),
(24, 4, 'Sausage Sandwich', '2.00', 14),
(25, 4, 'Bacon Sandwich', '2.00', 14),
(26, 4, 'Ham Sandwich', '1.50', 15),
(27, 4, 'Cheese Sandwich', '1.50', 15),
(28, 4, 'Ham and Cheese Sandwich', '1.50', 15),
(29, 3, 'Salted Crisps', '0.80', 16),
(30, 3, 'Cheese and Onion Crisps', '0.80', 16);

-- --------------------------------------------------------

--
-- Table structure for table `roles`
--

CREATE TABLE `cp_roles` (
  `id` int(10) UNSIGNED NOT NULL,
  `role_name` varchar(20) NOT NULL
) ENGINE=InnoDB DEFAULT CHARSET=latin1;

--
-- Dumping data for table `roles`
--

INSERT INTO `cp_roles` (`id`, `role_name`) VALUES
(1, 'Employee'),
(2, 'Manager'),
(3, 'Owner');

-- --------------------------------------------------------

--
-- Table structure for table `type`
--

CREATE TABLE `cp_type` (
  `id` int(10) UNSIGNED NOT NULL,
  `name` varchar(30) NOT NULL
) ENGINE=InnoDB DEFAULT CHARSET=latin1;

--
-- Dumping data for table `type`
--

INSERT INTO `cp_type` (`id`, `name`) VALUES
(1, 'Coffee'),
(2, 'Latte'),
(3, 'Mocha'),
(4, 'Cappuccino'),
(5, 'Americano'),
(6, 'Espresso'),
(7, 'Tea'),
(8, 'Hot Chocolate'),
(9, 'Soft Drink'),
(10, 'Bottled Drink'),
(11, 'Chocolate'),
(12, 'Biscuits'),
(13, 'Fruit'),
(14, 'Hot Sandwich'),
(15, 'Cold Sandwich'),
(16, 'Crisps'),
(17, 'Iced');

--
-- Indexes for dumped tables
--

--
-- Indexes for table `categories`
--
ALTER TABLE `cp_categories`
  ADD PRIMARY KEY (`id`);

--
-- Indexes for table `employees`
--
ALTER TABLE `cp_employees`
  ADD PRIMARY KEY (`id`),
  ADD KEY `fk_logins_role_id` (`role_id`);

--
-- Indexes for table `orders`
--
ALTER TABLE `cp_orders`
  ADD PRIMARY KEY (`id`);

--
-- Indexes for table `order_items`
--
ALTER TABLE `cp_order_items`
  ADD PRIMARY KEY (`id`),
  ADD KEY `fk_order_items_product_id` (`product_id`),
  ADD KEY `fk_order_items_order_id` (`order_id`);

--
-- Indexes for table `products`
--
ALTER TABLE `cp_products`
  ADD PRIMARY KEY (`id`),
  ADD KEY `fk_procucts_categories_cat_id` (`cat_id`),
  ADD KEY `fk_procucts_type_cat_id` (`type_id`);

--
-- Indexes for table `roles`
--
ALTER TABLE `cp_roles`
  ADD PRIMARY KEY (`id`);

--
-- Indexes for table `type`
--
ALTER TABLE `cp_type`
  ADD PRIMARY KEY (`id`);

--
-- AUTO_INCREMENT for dumped tables
--

--
-- AUTO_INCREMENT for table `employees`
--
ALTER TABLE `cp_employees`
  MODIFY `id` int(10) UNSIGNED NOT NULL AUTO_INCREMENT, AUTO_INCREMENT=5;

--
-- AUTO_INCREMENT for table `orders`
--
ALTER TABLE `cp_orders`
  MODIFY `id` int(10) UNSIGNED NOT NULL AUTO_INCREMENT, AUTO_INCREMENT=288;

--
-- AUTO_INCREMENT for table `order_items`
--
ALTER TABLE `cp_order_items`
  MODIFY `id` int(10) NOT NULL AUTO_INCREMENT, AUTO_INCREMENT=1341;

--
-- AUTO_INCREMENT for table `roles`
--
ALTER TABLE `cp_roles`
  MODIFY `id` int(10) UNSIGNED NOT NULL AUTO_INCREMENT, AUTO_INCREMENT=4;

--
-- Constraints for dumped tables
--

--
-- Constraints for table `employees`
--
ALTER TABLE `cp_employees`
  ADD CONSTRAINT `fk_logins_role_id` FOREIGN KEY (`role_id`) REFERENCES `cp_roles` (`id`);

--
-- Constraints for table `order_items`
--
ALTER TABLE `cp_order_items`
  ADD CONSTRAINT `fk_order_items_order_id` FOREIGN KEY (`order_id`) REFERENCES `cp_orders` (`id`),
  ADD CONSTRAINT `fk_order_items_product_id` FOREIGN KEY (`product_id`) REFERENCES `cp_products` (`id`),
  ADD CONSTRAINT `fk_order_items_products_id` FOREIGN KEY (`product_id`) REFERENCES `cp_products` (`id`);

--
-- Constraints for table `products`
--
ALTER TABLE `cp_products`
  ADD CONSTRAINT `fk_procucts_categories_cat_id` FOREIGN KEY (`cat_id`) REFERENCES `cp_categories` (`id`),
  ADD CONSTRAINT `fk_procucts_type_type_id` FOREIGN KEY (`type_id`) REFERENCES `cp_type` (`id`);
COMMIT;

/*!40101 SET CHARACTER_SET_CLIENT=@OLD_CHARACTER_SET_CLIENT */;
/*!40101 SET CHARACTER_SET_RESULTS=@OLD_CHARACTER_SET_RESULTS */;
/*!40101 SET COLLATION_CONNECTION=@OLD_COLLATION_CONNECTION */;
